"tier","pathway","positive_patients","recurrent_80pct_both_cohorts"
"libsize","HALLMARK_ADIPOGENESIS",28,FALSE
"libsize","HALLMARK_ALLOGRAFT_REJECTION",52,TRUE
"libsize","HALLMARK_ANDROGEN_RESPONSE",10,FALSE
"libsize","HALLMARK_ANGIOGENESIS",46,TRUE
"libsize","HALLMARK_APICAL_JUNCTION",49,TRUE
"libsize","HALLMARK_APICAL_SURFACE",13,FALSE
"libsize","HALLMARK_APOPTOSIS",41,FALSE
"libsize","HALLMARK_BILE_ACID_METABOLISM",28,FALSE
"libsize","HALLMARK_CHOLESTEROL_HOMEOSTASIS",37,FALSE
"libsize","HALLMARK_COAGULATION",50,TRUE
"libsize","HALLMARK_COMPLEMENT",45,FALSE
"libsize","HALLMARK_DNA_REPAIR",8,FALSE
"libsize","HALLMARK_E2F_TARGETS",43,TRUE
"libsize","HALLMARK_EPITHELIAL_MESENCHYMAL_TRANSITION",50,TRUE
"libsize","HALLMARK_ESTROGEN_RESPONSE_EARLY",39,FALSE
"libsize","HALLMARK_ESTROGEN_RESPONSE_LATE",41,FALSE
"libsize","HALLMARK_FATTY_ACID_METABOLISM",27,FALSE
"libsize","HALLMARK_G2M_CHECKPOINT",46,TRUE
"libsize","HALLMARK_GLYCOLYSIS",42,FALSE
"libsize","HALLMARK_HEDGEHOG_SIGNALING",12,FALSE
"libsize","HALLMARK_HEME_METABOLISM",8,FALSE
"libsize","HALLMARK_HYPOXIA",49,TRUE
"libsize","HALLMARK_IL2_STAT5_SIGNALING",33,FALSE
"libsize","HALLMARK_IL6_JAK_STAT3_SIGNALING",47,TRUE
"libsize","HALLMARK_INFLAMMATORY_RESPONSE",49,TRUE
"libsize","HALLMARK_INTERFERON_ALPHA_RESPONSE",52,TRUE
"libsize","HALLMARK_INTERFERON_GAMMA_RESPONSE",51,TRUE
"libsize","HALLMARK_KRAS_SIGNALING_DN",28,FALSE
"libsize","HALLMARK_KRAS_SIGNALING_UP",43,FALSE
"libsize","HALLMARK_MITOTIC_SPINDLE",39,FALSE
"libsize","HALLMARK_MTORC1_SIGNALING",41,FALSE
"libsize","HALLMARK_MYC_TARGETS_V1",29,FALSE
"libsize","HALLMARK_MYC_TARGETS_V2",34,FALSE
"libsize","HALLMARK_MYOGENESIS",49,TRUE
"libsize","HALLMARK_NOTCH_SIGNALING",12,FALSE
"libsize","HALLMARK_OXIDATIVE_PHOSPHORYLATION",29,FALSE
"libsize","HALLMARK_P53_PATHWAY",26,FALSE
"libsize","HALLMARK_PANCREAS_BETA_CELLS",33,FALSE
"libsize","HALLMARK_PEROXISOME",22,FALSE
"libsize","HALLMARK_PI3K_AKT_MTOR_SIGNALING",12,FALSE
"libsize","HALLMARK_PROTEIN_SECRETION",13,FALSE
"libsize","HALLMARK_REACTIVE_OXYGEN_SPECIES_PATHWAY",8,FALSE
"libsize","HALLMARK_SPERMATOGENESIS",16,FALSE
"libsize","HALLMARK_TGF_BETA_SIGNALING",31,FALSE
"libsize","HALLMARK_TNFA_SIGNALING_VIA_NFKB",50,TRUE
"libsize","HALLMARK_UNFOLDED_PROTEIN_RESPONSE",10,FALSE
"libsize","HALLMARK_UV_RESPONSE_DN",42,FALSE
"libsize","HALLMARK_UV_RESPONSE_UP",21,FALSE
"libsize","HALLMARK_WNT_BETA_CATENIN_SIGNALING",5,FALSE
"libsize","HALLMARK_XENOBIOTIC_METABOLISM",32,FALSE
"none","HALLMARK_ADIPOGENESIS",12,FALSE
"none","HALLMARK_ALLOGRAFT_REJECTION",29,FALSE
"none","HALLMARK_ANDROGEN_RESPONSE",9,FALSE
"none","HALLMARK_ANGIOGENESIS",28,FALSE
"none","HALLMARK_APICAL_JUNCTION",28,FALSE
"none","HALLMARK_APICAL_SURFACE",7,FALSE
"none","HALLMARK_APOPTOSIS",22,FALSE
"none","HALLMARK_BILE_ACID_METABOLISM",15,FALSE
"none","HALLMARK_CHOLESTEROL_HOMEOSTASIS",24,FALSE
"none","HALLMARK_COAGULATION",31,FALSE
"none","HALLMARK_COMPLEMENT",25,FALSE
"none","HALLMARK_DNA_REPAIR",7,FALSE
"none","HALLMARK_E2F_TARGETS",26,FALSE
"none","HALLMARK_EPITHELIAL_MESENCHYMAL_TRANSITION",30,FALSE
"none","HALLMARK_ESTROGEN_RESPONSE_EARLY",21,FALSE
"none","HALLMARK_ESTROGEN_RESPONSE_LATE",29,FALSE
"none","HALLMARK_FATTY_ACID_METABOLISM",19,FALSE
"none","HALLMARK_G2M_CHECKPOINT",21,FALSE
"none","HALLMARK_GLYCOLYSIS",36,FALSE
"none","HALLMARK_HEDGEHOG_SIGNALING",7,FALSE
"none","HALLMARK_HEME_METABOLISM",2,FALSE
"none","HALLMARK_HYPOXIA",26,FALSE
"none","HALLMARK_IL2_STAT5_SIGNALING",14,FALSE
"none","HALLMARK_IL6_JAK_STAT3_SIGNALING",24,FALSE
"none","HALLMARK_INFLAMMATORY_RESPONSE",23,FALSE
"none","HALLMARK_INTERFERON_ALPHA_RESPONSE",37,FALSE
"none","HALLMARK_INTERFERON_GAMMA_RESPONSE",32,FALSE
"none","HALLMARK_KRAS_SIGNALING_DN",16,FALSE
"none","HALLMARK_KRAS_SIGNALING_UP",22,FALSE
"none","HALLMARK_MITOTIC_SPINDLE",12,FALSE
"none","HALLMARK_MTORC1_SIGNALING",26,FALSE
"none","HALLMARK_MYC_TARGETS_V1",20,FALSE
"none","HALLMARK_MYC_TARGETS_V2",18,FALSE
"none","HALLMARK_MYOGENESIS",27,FALSE
"none","HALLMARK_NOTCH_SIGNALING",5,FALSE
"none","HALLMARK_OXIDATIVE_PHOSPHORYLATION",23,FALSE
"none","HALLMARK_P53_PATHWAY",18,FALSE
"none","HALLMARK_PANCREAS_BETA_CELLS",26,FALSE
"none","HALLMARK_PEROXISOME",16,FALSE
"none","HALLMARK_PI3K_AKT_MTOR_SIGNALING",11,FALSE
"none","HALLMARK_PROTEIN_SECRETION",20,FALSE
"none","HALLMARK_REACTIVE_OXYGEN_SPECIES_PATHWAY",5,FALSE
"none","HALLMARK_SPERMATOGENESIS",16,FALSE
"none","HALLMARK_TGF_BETA_SIGNALING",17,FALSE
"none","HALLMARK_TNFA_SIGNALING_VIA_NFKB",26,FALSE
"none","HALLMARK_UNFOLDED_PROTEIN_RESPONSE",3,FALSE
"none","HALLMARK_UV_RESPONSE_DN",13,FALSE
"none","HALLMARK_UV_RESPONSE_UP",6,FALSE
"none","HALLMARK_WNT_BETA_CATENIN_SIGNALING",1,FALSE
"none","HALLMARK_XENOBIOTIC_METABOLISM",14,FALSE
"pcs","HALLMARK_ADIPOGENESIS",25,FALSE
"pcs","HALLMARK_ALLOGRAFT_REJECTION",49,TRUE
"pcs","HALLMARK_ANDROGEN_RESPONSE",5,FALSE
"pcs","HALLMARK_ANGIOGENESIS",40,FALSE
"pcs","HALLMARK_APICAL_JUNCTION",25,FALSE
"pcs","HALLMARK_APICAL_SURFACE",2,FALSE
"pcs","HALLMARK_APOPTOSIS",25,FALSE
"pcs","HALLMARK_BILE_ACID_METABOLISM",5,FALSE
"pcs","HALLMARK_CHOLESTEROL_HOMEOSTASIS",35,FALSE
"pcs","HALLMARK_COAGULATION",46,TRUE
"pcs","HALLMARK_COMPLEMENT",36,FALSE
"pcs","HALLMARK_DNA_REPAIR",1,FALSE
"pcs","HALLMARK_E2F_TARGETS",50,TRUE
"pcs","HALLMARK_EPITHELIAL_MESENCHYMAL_TRANSITION",52,TRUE
"pcs","HALLMARK_ESTROGEN_RESPONSE_EARLY",15,FALSE
"pcs","HALLMARK_ESTROGEN_RESPONSE_LATE",24,FALSE
"pcs","HALLMARK_FATTY_ACID_METABOLISM",30,FALSE
"pcs","HALLMARK_G2M_CHECKPOINT",50,TRUE
"pcs","HALLMARK_GLYCOLYSIS",29,FALSE
"pcs","HALLMARK_HEDGEHOG_SIGNALING",11,FALSE
"pcs","HALLMARK_HEME_METABOLISM",8,FALSE
"pcs","HALLMARK_HYPOXIA",51,TRUE
"pcs","HALLMARK_IL2_STAT5_SIGNALING",17,FALSE
"pcs","HALLMARK_IL6_JAK_STAT3_SIGNALING",37,FALSE
"pcs","HALLMARK_INFLAMMATORY_RESPONSE",49,TRUE
"pcs","HALLMARK_INTERFERON_ALPHA_RESPONSE",50,TRUE
"pcs","HALLMARK_INTERFERON_GAMMA_RESPONSE",51,TRUE
"pcs","HALLMARK_KRAS_SIGNALING_DN",26,FALSE
"pcs","HALLMARK_KRAS_SIGNALING_UP",38,FALSE
"pcs","HALLMARK_MITOTIC_SPINDLE",24,FALSE
"pcs","HALLMARK_MTORC1_SIGNALING",42,FALSE
"pcs","HALLMARK_MYC_TARGETS_V1",46,TRUE
"pcs","HALLMARK_MYC_TARGETS_V2",26,FALSE
"pcs","HALLMARK_MYOGENESIS",38,FALSE
"pcs","HALLMARK_NOTCH_SIGNALING",1,FALSE
"pcs","HALLMARK_OXIDATIVE_PHOSPHORYLATION",41,FALSE
"pcs","HALLMARK_P53_PATHWAY",14,FALSE
"pcs","HALLMARK_PANCREAS_BETA_CELLS",35,FALSE
"pcs","HALLMARK_PEROXISOME",5,FALSE
"pcs","HALLMARK_PI3K_AKT_MTOR_SIGNALING",3,FALSE
"pcs","HALLMARK_PROTEIN_SECRETION",2,FALSE
"pcs","HALLMARK_REACTIVE_OXYGEN_SPECIES_PATHWAY",4,FALSE
"pcs","HALLMARK_SPERMATOGENESIS",15,FALSE
"pcs","HALLMARK_TGF_BETA_SIGNALING",21,FALSE
"pcs","HALLMARK_TNFA_SIGNALING_VIA_NFKB",51,TRUE
"pcs","HALLMARK_UNFOLDED_PROTEIN_RESPONSE",20,FALSE
"pcs","HALLMARK_UV_RESPONSE_DN",23,FALSE
"pcs","HALLMARK_UV_RESPONSE_UP",21,FALSE
"pcs","HALLMARK_WNT_BETA_CATENIN_SIGNALING",3,FALSE
"pcs","HALLMARK_XENOBIOTIC_METABOLISM",27,FALSE
