"tier","cohort","pathway","positive"
"libsize","GSE274557","HALLMARK_ADIPOGENESIS",0.538461538461538
"none","GSE274557","HALLMARK_ADIPOGENESIS",0.230769230769231
"pcs","GSE274557","HALLMARK_ADIPOGENESIS",0.307692307692308
"libsize","GSE282302","HALLMARK_ADIPOGENESIS",0.538461538461538
"none","GSE282302","HALLMARK_ADIPOGENESIS",0.230769230769231
"pcs","GSE282302","HALLMARK_ADIPOGENESIS",0.538461538461538
"libsize","GSE274557","HALLMARK_ALLOGRAFT_REJECTION",1
"none","GSE274557","HALLMARK_ALLOGRAFT_REJECTION",0.230769230769231
"pcs","GSE274557","HALLMARK_ALLOGRAFT_REJECTION",0.923076923076923
"libsize","GSE282302","HALLMARK_ALLOGRAFT_REJECTION",1
"none","GSE282302","HALLMARK_ALLOGRAFT_REJECTION",0.666666666666667
"pcs","GSE282302","HALLMARK_ALLOGRAFT_REJECTION",0.948717948717949
"libsize","GSE274557","HALLMARK_ANDROGEN_RESPONSE",0.307692307692308
"none","GSE274557","HALLMARK_ANDROGEN_RESPONSE",0
"pcs","GSE274557","HALLMARK_ANDROGEN_RESPONSE",0
"libsize","GSE282302","HALLMARK_ANDROGEN_RESPONSE",0.153846153846154
"none","GSE282302","HALLMARK_ANDROGEN_RESPONSE",0.230769230769231
"pcs","GSE282302","HALLMARK_ANDROGEN_RESPONSE",0.128205128205128
"libsize","GSE274557","HALLMARK_ANGIOGENESIS",0.923076923076923
"none","GSE274557","HALLMARK_ANGIOGENESIS",0.307692307692308
"pcs","GSE274557","HALLMARK_ANGIOGENESIS",0.692307692307692
"libsize","GSE282302","HALLMARK_ANGIOGENESIS",0.871794871794872
"none","GSE282302","HALLMARK_ANGIOGENESIS",0.615384615384615
"pcs","GSE282302","HALLMARK_ANGIOGENESIS",0.794871794871795
"libsize","GSE274557","HALLMARK_APICAL_JUNCTION",1
"none","GSE274557","HALLMARK_APICAL_JUNCTION",0.153846153846154
"pcs","GSE274557","HALLMARK_APICAL_JUNCTION",0.153846153846154
"libsize","GSE282302","HALLMARK_APICAL_JUNCTION",0.923076923076923
"none","GSE282302","HALLMARK_APICAL_JUNCTION",0.666666666666667
"pcs","GSE282302","HALLMARK_APICAL_JUNCTION",0.58974358974359
"libsize","GSE274557","HALLMARK_APICAL_SURFACE",0.307692307692308
"none","GSE274557","HALLMARK_APICAL_SURFACE",0
"pcs","GSE274557","HALLMARK_APICAL_SURFACE",0
"libsize","GSE282302","HALLMARK_APICAL_SURFACE",0.230769230769231
"none","GSE282302","HALLMARK_APICAL_SURFACE",0.179487179487179
"pcs","GSE282302","HALLMARK_APICAL_SURFACE",0.0512820512820513
"libsize","GSE274557","HALLMARK_APOPTOSIS",0.538461538461538
"none","GSE274557","HALLMARK_APOPTOSIS",0
"pcs","GSE274557","HALLMARK_APOPTOSIS",0.153846153846154
"libsize","GSE282302","HALLMARK_APOPTOSIS",0.871794871794872
"none","GSE282302","HALLMARK_APOPTOSIS",0.564102564102564
"pcs","GSE282302","HALLMARK_APOPTOSIS",0.58974358974359
"libsize","GSE274557","HALLMARK_BILE_ACID_METABOLISM",0.384615384615385
"none","GSE274557","HALLMARK_BILE_ACID_METABOLISM",0.0769230769230769
"pcs","GSE274557","HALLMARK_BILE_ACID_METABOLISM",0.0769230769230769
"libsize","GSE282302","HALLMARK_BILE_ACID_METABOLISM",0.58974358974359
"none","GSE282302","HALLMARK_BILE_ACID_METABOLISM",0.358974358974359
"pcs","GSE282302","HALLMARK_BILE_ACID_METABOLISM",0.102564102564103
"libsize","GSE274557","HALLMARK_CHOLESTEROL_HOMEOSTASIS",0.384615384615385
"none","GSE274557","HALLMARK_CHOLESTEROL_HOMEOSTASIS",0.307692307692308
"pcs","GSE274557","HALLMARK_CHOLESTEROL_HOMEOSTASIS",0.692307692307692
"libsize","GSE282302","HALLMARK_CHOLESTEROL_HOMEOSTASIS",0.82051282051282
"none","GSE282302","HALLMARK_CHOLESTEROL_HOMEOSTASIS",0.512820512820513
"pcs","GSE282302","HALLMARK_CHOLESTEROL_HOMEOSTASIS",0.666666666666667
"libsize","GSE274557","HALLMARK_COAGULATION",1
"none","GSE274557","HALLMARK_COAGULATION",0.384615384615385
"pcs","GSE274557","HALLMARK_COAGULATION",0.846153846153846
"libsize","GSE282302","HALLMARK_COAGULATION",0.948717948717949
"none","GSE282302","HALLMARK_COAGULATION",0.666666666666667
"pcs","GSE282302","HALLMARK_COAGULATION",0.897435897435897
"libsize","GSE274557","HALLMARK_COMPLEMENT",0.769230769230769
"none","GSE274557","HALLMARK_COMPLEMENT",0.230769230769231
"pcs","GSE274557","HALLMARK_COMPLEMENT",0.384615384615385
"libsize","GSE282302","HALLMARK_COMPLEMENT",0.897435897435897
"none","GSE282302","HALLMARK_COMPLEMENT",0.564102564102564
"pcs","GSE282302","HALLMARK_COMPLEMENT",0.794871794871795
"libsize","GSE274557","HALLMARK_DNA_REPAIR",0
"none","GSE274557","HALLMARK_DNA_REPAIR",0.230769230769231
"pcs","GSE274557","HALLMARK_DNA_REPAIR",0
"libsize","GSE282302","HALLMARK_DNA_REPAIR",0.205128205128205
"none","GSE282302","HALLMARK_DNA_REPAIR",0.102564102564103
"pcs","GSE282302","HALLMARK_DNA_REPAIR",0.0256410256410256
"libsize","GSE274557","HALLMARK_E2F_TARGETS",0.846153846153846
"none","GSE274557","HALLMARK_E2F_TARGETS",0.615384615384615
"pcs","GSE274557","HALLMARK_E2F_TARGETS",1
"libsize","GSE282302","HALLMARK_E2F_TARGETS",0.82051282051282
"none","GSE282302","HALLMARK_E2F_TARGETS",0.461538461538462
"pcs","GSE282302","HALLMARK_E2F_TARGETS",0.948717948717949
"libsize","GSE274557","HALLMARK_EPITHELIAL_MESENCHYMAL_TRANSITION",1
"none","GSE274557","HALLMARK_EPITHELIAL_MESENCHYMAL_TRANSITION",0.153846153846154
"pcs","GSE274557","HALLMARK_EPITHELIAL_MESENCHYMAL_TRANSITION",1
"libsize","GSE282302","HALLMARK_EPITHELIAL_MESENCHYMAL_TRANSITION",0.948717948717949
"none","GSE282302","HALLMARK_EPITHELIAL_MESENCHYMAL_TRANSITION",0.717948717948718
"pcs","GSE282302","HALLMARK_EPITHELIAL_MESENCHYMAL_TRANSITION",1
"libsize","GSE274557","HALLMARK_ESTROGEN_RESPONSE_EARLY",0.769230769230769
"none","GSE274557","HALLMARK_ESTROGEN_RESPONSE_EARLY",0.307692307692308
"pcs","GSE274557","HALLMARK_ESTROGEN_RESPONSE_EARLY",0
"libsize","GSE282302","HALLMARK_ESTROGEN_RESPONSE_EARLY",0.743589743589744
"none","GSE282302","HALLMARK_ESTROGEN_RESPONSE_EARLY",0.435897435897436
"pcs","GSE282302","HALLMARK_ESTROGEN_RESPONSE_EARLY",0.384615384615385
"libsize","GSE274557","HALLMARK_ESTROGEN_RESPONSE_LATE",0.769230769230769
"none","GSE274557","HALLMARK_ESTROGEN_RESPONSE_LATE",0.461538461538462
"pcs","GSE274557","HALLMARK_ESTROGEN_RESPONSE_LATE",0.0769230769230769
"libsize","GSE282302","HALLMARK_ESTROGEN_RESPONSE_LATE",0.794871794871795
"none","GSE282302","HALLMARK_ESTROGEN_RESPONSE_LATE",0.58974358974359
"pcs","GSE282302","HALLMARK_ESTROGEN_RESPONSE_LATE",0.58974358974359
"libsize","GSE274557","HALLMARK_FATTY_ACID_METABOLISM",0.230769230769231
"none","GSE274557","HALLMARK_FATTY_ACID_METABOLISM",0.153846153846154
"pcs","GSE274557","HALLMARK_FATTY_ACID_METABOLISM",0.538461538461538
"libsize","GSE282302","HALLMARK_FATTY_ACID_METABOLISM",0.615384615384615
"none","GSE282302","HALLMARK_FATTY_ACID_METABOLISM",0.435897435897436
"pcs","GSE282302","HALLMARK_FATTY_ACID_METABOLISM",0.58974358974359
"libsize","GSE274557","HALLMARK_G2M_CHECKPOINT",0.923076923076923
"none","GSE274557","HALLMARK_G2M_CHECKPOINT",0.461538461538462
"pcs","GSE274557","HALLMARK_G2M_CHECKPOINT",1
"libsize","GSE282302","HALLMARK_G2M_CHECKPOINT",0.871794871794872
"none","GSE282302","HALLMARK_G2M_CHECKPOINT",0.384615384615385
"pcs","GSE282302","HALLMARK_G2M_CHECKPOINT",0.948717948717949
"libsize","GSE274557","HALLMARK_GLYCOLYSIS",0.615384615384615
"none","GSE274557","HALLMARK_GLYCOLYSIS",0.461538461538462
"pcs","GSE274557","HALLMARK_GLYCOLYSIS",0.384615384615385
"libsize","GSE282302","HALLMARK_GLYCOLYSIS",0.871794871794872
"none","GSE282302","HALLMARK_GLYCOLYSIS",0.769230769230769
"pcs","GSE282302","HALLMARK_GLYCOLYSIS",0.615384615384615
"libsize","GSE274557","HALLMARK_HEDGEHOG_SIGNALING",0.153846153846154
"none","GSE274557","HALLMARK_HEDGEHOG_SIGNALING",0.0769230769230769
"pcs","GSE274557","HALLMARK_HEDGEHOG_SIGNALING",0
"libsize","GSE282302","HALLMARK_HEDGEHOG_SIGNALING",0.256410256410256
"none","GSE282302","HALLMARK_HEDGEHOG_SIGNALING",0.153846153846154
"pcs","GSE282302","HALLMARK_HEDGEHOG_SIGNALING",0.282051282051282
"libsize","GSE274557","HALLMARK_HEME_METABOLISM",0
"none","GSE274557","HALLMARK_HEME_METABOLISM",0
"pcs","GSE274557","HALLMARK_HEME_METABOLISM",0.0769230769230769
"libsize","GSE282302","HALLMARK_HEME_METABOLISM",0.205128205128205
"none","GSE282302","HALLMARK_HEME_METABOLISM",0.0512820512820513
"pcs","GSE282302","HALLMARK_HEME_METABOLISM",0.179487179487179
"libsize","GSE274557","HALLMARK_HYPOXIA",1
"none","GSE274557","HALLMARK_HYPOXIA",0.230769230769231
"pcs","GSE274557","HALLMARK_HYPOXIA",1
"libsize","GSE282302","HALLMARK_HYPOXIA",0.923076923076923
"none","GSE282302","HALLMARK_HYPOXIA",0.58974358974359
"pcs","GSE282302","HALLMARK_HYPOXIA",0.974358974358974
"libsize","GSE274557","HALLMARK_IL2_STAT5_SIGNALING",0.461538461538462
"none","GSE274557","HALLMARK_IL2_STAT5_SIGNALING",0
"pcs","GSE274557","HALLMARK_IL2_STAT5_SIGNALING",0
"libsize","GSE282302","HALLMARK_IL2_STAT5_SIGNALING",0.692307692307692
"none","GSE282302","HALLMARK_IL2_STAT5_SIGNALING",0.358974358974359
"pcs","GSE282302","HALLMARK_IL2_STAT5_SIGNALING",0.435897435897436
"libsize","GSE274557","HALLMARK_IL6_JAK_STAT3_SIGNALING",0.846153846153846
"none","GSE274557","HALLMARK_IL6_JAK_STAT3_SIGNALING",0.153846153846154
"pcs","GSE274557","HALLMARK_IL6_JAK_STAT3_SIGNALING",0.384615384615385
"libsize","GSE282302","HALLMARK_IL6_JAK_STAT3_SIGNALING",0.923076923076923
"none","GSE282302","HALLMARK_IL6_JAK_STAT3_SIGNALING",0.564102564102564
"pcs","GSE282302","HALLMARK_IL6_JAK_STAT3_SIGNALING",0.82051282051282
"libsize","GSE274557","HALLMARK_INFLAMMATORY_RESPONSE",0.923076923076923
"none","GSE274557","HALLMARK_INFLAMMATORY_RESPONSE",0.0769230769230769
"pcs","GSE274557","HALLMARK_INFLAMMATORY_RESPONSE",0.923076923076923
"libsize","GSE282302","HALLMARK_INFLAMMATORY_RESPONSE",0.948717948717949
"none","GSE282302","HALLMARK_INFLAMMATORY_RESPONSE",0.564102564102564
"pcs","GSE282302","HALLMARK_INFLAMMATORY_RESPONSE",0.948717948717949
"libsize","GSE274557","HALLMARK_INTERFERON_ALPHA_RESPONSE",1
"none","GSE274557","HALLMARK_INTERFERON_ALPHA_RESPONSE",0.307692307692308
"pcs","GSE274557","HALLMARK_INTERFERON_ALPHA_RESPONSE",0.846153846153846
"libsize","GSE282302","HALLMARK_INTERFERON_ALPHA_RESPONSE",1
"none","GSE282302","HALLMARK_INTERFERON_ALPHA_RESPONSE",0.846153846153846
"pcs","GSE282302","HALLMARK_INTERFERON_ALPHA_RESPONSE",1
"libsize","GSE274557","HALLMARK_INTERFERON_GAMMA_RESPONSE",1
"none","GSE274557","HALLMARK_INTERFERON_GAMMA_RESPONSE",0.384615384615385
"pcs","GSE274557","HALLMARK_INTERFERON_GAMMA_RESPONSE",1
"libsize","GSE282302","HALLMARK_INTERFERON_GAMMA_RESPONSE",0.974358974358974
"none","GSE282302","HALLMARK_INTERFERON_GAMMA_RESPONSE",0.692307692307692
"pcs","GSE282302","HALLMARK_INTERFERON_GAMMA_RESPONSE",0.974358974358974
"libsize","GSE274557","HALLMARK_KRAS_SIGNALING_DN",0.692307692307692
"none","GSE274557","HALLMARK_KRAS_SIGNALING_DN",0.230769230769231
"pcs","GSE274557","HALLMARK_KRAS_SIGNALING_DN",0.0769230769230769
"libsize","GSE282302","HALLMARK_KRAS_SIGNALING_DN",0.487179487179487
"none","GSE282302","HALLMARK_KRAS_SIGNALING_DN",0.333333333333333
"pcs","GSE282302","HALLMARK_KRAS_SIGNALING_DN",0.641025641025641
"libsize","GSE274557","HALLMARK_KRAS_SIGNALING_UP",0.615384615384615
"none","GSE274557","HALLMARK_KRAS_SIGNALING_UP",0.0769230769230769
"pcs","GSE274557","HALLMARK_KRAS_SIGNALING_UP",0.615384615384615
"libsize","GSE282302","HALLMARK_KRAS_SIGNALING_UP",0.897435897435897
"none","GSE282302","HALLMARK_KRAS_SIGNALING_UP",0.538461538461538
"pcs","GSE282302","HALLMARK_KRAS_SIGNALING_UP",0.769230769230769
"libsize","GSE274557","HALLMARK_MITOTIC_SPINDLE",0.923076923076923
"none","GSE274557","HALLMARK_MITOTIC_SPINDLE",0.0769230769230769
"pcs","GSE274557","HALLMARK_MITOTIC_SPINDLE",0.153846153846154
"libsize","GSE282302","HALLMARK_MITOTIC_SPINDLE",0.692307692307692
"none","GSE282302","HALLMARK_MITOTIC_SPINDLE",0.282051282051282
"pcs","GSE282302","HALLMARK_MITOTIC_SPINDLE",0.564102564102564
"libsize","GSE274557","HALLMARK_MTORC1_SIGNALING",0.692307692307692
"none","GSE274557","HALLMARK_MTORC1_SIGNALING",0.307692307692308
"pcs","GSE274557","HALLMARK_MTORC1_SIGNALING",1
"libsize","GSE282302","HALLMARK_MTORC1_SIGNALING",0.82051282051282
"none","GSE282302","HALLMARK_MTORC1_SIGNALING",0.564102564102564
"pcs","GSE282302","HALLMARK_MTORC1_SIGNALING",0.743589743589744
"libsize","GSE274557","HALLMARK_MYC_TARGETS_V1",0.615384615384615
"none","GSE274557","HALLMARK_MYC_TARGETS_V1",0.538461538461538
"pcs","GSE274557","HALLMARK_MYC_TARGETS_V1",0.846153846153846
"libsize","GSE282302","HALLMARK_MYC_TARGETS_V1",0.538461538461538
"none","GSE282302","HALLMARK_MYC_TARGETS_V1",0.333333333333333
"pcs","GSE282302","HALLMARK_MYC_TARGETS_V1",0.897435897435897
"libsize","GSE274557","HALLMARK_MYC_TARGETS_V2",0.538461538461538
"none","GSE274557","HALLMARK_MYC_TARGETS_V2",0.461538461538462
"pcs","GSE274557","HALLMARK_MYC_TARGETS_V2",0.461538461538462
"libsize","GSE282302","HALLMARK_MYC_TARGETS_V2",0.692307692307692
"none","GSE282302","HALLMARK_MYC_TARGETS_V2",0.307692307692308
"pcs","GSE282302","HALLMARK_MYC_TARGETS_V2",0.512820512820513
"libsize","GSE274557","HALLMARK_MYOGENESIS",1
"none","GSE274557","HALLMARK_MYOGENESIS",0.384615384615385
"pcs","GSE274557","HALLMARK_MYOGENESIS",0.461538461538462
"libsize","GSE282302","HALLMARK_MYOGENESIS",0.923076923076923
"none","GSE282302","HALLMARK_MYOGENESIS",0.564102564102564
"pcs","GSE282302","HALLMARK_MYOGENESIS",0.82051282051282
"libsize","GSE274557","HALLMARK_NOTCH_SIGNALING",0.307692307692308
"none","GSE274557","HALLMARK_NOTCH_SIGNALING",0.0769230769230769
"pcs","GSE274557","HALLMARK_NOTCH_SIGNALING",0
"libsize","GSE282302","HALLMARK_NOTCH_SIGNALING",0.205128205128205
"none","GSE282302","HALLMARK_NOTCH_SIGNALING",0.102564102564103
"pcs","GSE282302","HALLMARK_NOTCH_SIGNALING",0.0256410256410256
"libsize","GSE274557","HALLMARK_OXIDATIVE_PHOSPHORYLATION",0.307692307692308
"none","GSE274557","HALLMARK_OXIDATIVE_PHOSPHORYLATION",0.384615384615385
"pcs","GSE274557","HALLMARK_OXIDATIVE_PHOSPHORYLATION",0.846153846153846
"libsize","GSE282302","HALLMARK_OXIDATIVE_PHOSPHORYLATION",0.641025641025641
"none","GSE282302","HALLMARK_OXIDATIVE_PHOSPHORYLATION",0.461538461538462
"pcs","GSE282302","HALLMARK_OXIDATIVE_PHOSPHORYLATION",0.769230769230769
"libsize","GSE274557","HALLMARK_P53_PATHWAY",0.307692307692308
"none","GSE274557","HALLMARK_P53_PATHWAY",0.153846153846154
"pcs","GSE274557","HALLMARK_P53_PATHWAY",0.0769230769230769
"libsize","GSE282302","HALLMARK_P53_PATHWAY",0.564102564102564
"none","GSE282302","HALLMARK_P53_PATHWAY",0.41025641025641
"pcs","GSE282302","HALLMARK_P53_PATHWAY",0.333333333333333
"libsize","GSE274557","HALLMARK_PANCREAS_BETA_CELLS",0.0769230769230769
"none","GSE274557","HALLMARK_PANCREAS_BETA_CELLS",0
"pcs","GSE274557","HALLMARK_PANCREAS_BETA_CELLS",0.0769230769230769
"libsize","GSE282302","HALLMARK_PANCREAS_BETA_CELLS",0.82051282051282
"none","GSE282302","HALLMARK_PANCREAS_BETA_CELLS",0.666666666666667
"pcs","GSE282302","HALLMARK_PANCREAS_BETA_CELLS",0.871794871794872
"libsize","GSE274557","HALLMARK_PEROXISOME",0.153846153846154
"none","GSE274557","HALLMARK_PEROXISOME",0.153846153846154
"pcs","GSE274557","HALLMARK_PEROXISOME",0
"libsize","GSE282302","HALLMARK_PEROXISOME",0.512820512820513
"none","GSE282302","HALLMARK_PEROXISOME",0.358974358974359
"pcs","GSE282302","HALLMARK_PEROXISOME",0.128205128205128
"libsize","GSE274557","HALLMARK_PI3K_AKT_MTOR_SIGNALING",0
"none","GSE274557","HALLMARK_PI3K_AKT_MTOR_SIGNALING",0
"pcs","GSE274557","HALLMARK_PI3K_AKT_MTOR_SIGNALING",0.0769230769230769
"libsize","GSE282302","HALLMARK_PI3K_AKT_MTOR_SIGNALING",0.307692307692308
"none","GSE282302","HALLMARK_PI3K_AKT_MTOR_SIGNALING",0.282051282051282
"pcs","GSE282302","HALLMARK_PI3K_AKT_MTOR_SIGNALING",0.0512820512820513
"libsize","GSE274557","HALLMARK_PROTEIN_SECRETION",0.153846153846154
"none","GSE274557","HALLMARK_PROTEIN_SECRETION",0.0769230769230769
"pcs","GSE274557","HALLMARK_PROTEIN_SECRETION",0.0769230769230769
"libsize","GSE282302","HALLMARK_PROTEIN_SECRETION",0.282051282051282
"none","GSE282302","HALLMARK_PROTEIN_SECRETION",0.487179487179487
"pcs","GSE282302","HALLMARK_PROTEIN_SECRETION",0.0256410256410256
"libsize","GSE274557","HALLMARK_REACTIVE_OXYGEN_SPECIES_PATHWAY",0.0769230769230769
"none","GSE274557","HALLMARK_REACTIVE_OXYGEN_SPECIES_PATHWAY",0
"pcs","GSE274557","HALLMARK_REACTIVE_OXYGEN_SPECIES_PATHWAY",0
"libsize","GSE282302","HALLMARK_REACTIVE_OXYGEN_SPECIES_PATHWAY",0.179487179487179
"none","GSE282302","HALLMARK_REACTIVE_OXYGEN_SPECIES_PATHWAY",0.128205128205128
"pcs","GSE282302","HALLMARK_REACTIVE_OXYGEN_SPECIES_PATHWAY",0.102564102564103
"libsize","GSE274557","HALLMARK_SPERMATOGENESIS",0.0769230769230769
"none","GSE274557","HALLMARK_SPERMATOGENESIS",0.230769230769231
"pcs","GSE274557","HALLMARK_SPERMATOGENESIS",0.0769230769230769
"libsize","GSE282302","HALLMARK_SPERMATOGENESIS",0.384615384615385
"none","GSE282302","HALLMARK_SPERMATOGENESIS",0.333333333333333
"pcs","GSE282302","HALLMARK_SPERMATOGENESIS",0.358974358974359
"libsize","GSE274557","HALLMARK_TGF_BETA_SIGNALING",0.307692307692308
"none","GSE274557","HALLMARK_TGF_BETA_SIGNALING",0
"pcs","GSE274557","HALLMARK_TGF_BETA_SIGNALING",0
"libsize","GSE282302","HALLMARK_TGF_BETA_SIGNALING",0.692307692307692
"none","GSE282302","HALLMARK_TGF_BETA_SIGNALING",0.435897435897436
"pcs","GSE282302","HALLMARK_TGF_BETA_SIGNALING",0.538461538461538
"libsize","GSE274557","HALLMARK_TNFA_SIGNALING_VIA_NFKB",1
"none","GSE274557","HALLMARK_TNFA_SIGNALING_VIA_NFKB",0.0769230769230769
"pcs","GSE274557","HALLMARK_TNFA_SIGNALING_VIA_NFKB",1
"libsize","GSE282302","HALLMARK_TNFA_SIGNALING_VIA_NFKB",0.948717948717949
"none","GSE282302","HALLMARK_TNFA_SIGNALING_VIA_NFKB",0.641025641025641
"pcs","GSE282302","HALLMARK_TNFA_SIGNALING_VIA_NFKB",0.974358974358974
"libsize","GSE274557","HALLMARK_UNFOLDED_PROTEIN_RESPONSE",0.307692307692308
"none","GSE274557","HALLMARK_UNFOLDED_PROTEIN_RESPONSE",0
"pcs","GSE274557","HALLMARK_UNFOLDED_PROTEIN_RESPONSE",0.538461538461538
"libsize","GSE282302","HALLMARK_UNFOLDED_PROTEIN_RESPONSE",0.153846153846154
"none","GSE282302","HALLMARK_UNFOLDED_PROTEIN_RESPONSE",0.0769230769230769
"pcs","GSE282302","HALLMARK_UNFOLDED_PROTEIN_RESPONSE",0.333333333333333
"libsize","GSE274557","HALLMARK_UV_RESPONSE_DN",0.615384615384615
"none","GSE274557","HALLMARK_UV_RESPONSE_DN",0
"pcs","GSE274557","HALLMARK_UV_RESPONSE_DN",0.153846153846154
"libsize","GSE282302","HALLMARK_UV_RESPONSE_DN",0.871794871794872
"none","GSE282302","HALLMARK_UV_RESPONSE_DN",0.333333333333333
"pcs","GSE282302","HALLMARK_UV_RESPONSE_DN",0.538461538461538
"libsize","GSE274557","HALLMARK_UV_RESPONSE_UP",0
"none","GSE274557","HALLMARK_UV_RESPONSE_UP",0
"pcs","GSE274557","HALLMARK_UV_RESPONSE_UP",0
"libsize","GSE282302","HALLMARK_UV_RESPONSE_UP",0.538461538461538
"none","GSE282302","HALLMARK_UV_RESPONSE_UP",0.153846153846154
"pcs","GSE282302","HALLMARK_UV_RESPONSE_UP",0.538461538461538
"libsize","GSE274557","HALLMARK_WNT_BETA_CATENIN_SIGNALING",0
"none","GSE274557","HALLMARK_WNT_BETA_CATENIN_SIGNALING",0
"pcs","GSE274557","HALLMARK_WNT_BETA_CATENIN_SIGNALING",0
"libsize","GSE282302","HALLMARK_WNT_BETA_CATENIN_SIGNALING",0.128205128205128
"none","GSE282302","HALLMARK_WNT_BETA_CATENIN_SIGNALING",0.0256410256410256
"pcs","GSE282302","HALLMARK_WNT_BETA_CATENIN_SIGNALING",0.0769230769230769
"libsize","GSE274557","HALLMARK_XENOBIOTIC_METABOLISM",0.615384615384615
"none","GSE274557","HALLMARK_XENOBIOTIC_METABOLISM",0.384615384615385
"pcs","GSE274557","HALLMARK_XENOBIOTIC_METABOLISM",0.461538461538462
"libsize","GSE282302","HALLMARK_XENOBIOTIC_METABOLISM",0.615384615384615
"none","GSE282302","HALLMARK_XENOBIOTIC_METABOLISM",0.230769230769231
"pcs","GSE282302","HALLMARK_XENOBIOTIC_METABOLISM",0.538461538461538
