"pathway","stat","stat_matched_med","stat_matched_mad","z_matched","n_matched","p_matched","p_adj_BH","n_spots"
"HALLMARK_ADIPOGENESIS",0.378005468793509,0.404846312888894,0.0207219409162098,-1.29528619948858,1999,0.885,1,4218
"HALLMARK_ALLOGRAFT_REJECTION",0.167438010548011,0.223715596656288,0.0262870620327971,-2.14088535409785,1999,0.9845,1,4218
"HALLMARK_ANDROGEN_RESPONSE",0.219352654958432,0.284421893950701,0.0262278815804286,-2.48091859011685,1999,0.9895,1,4218
"HALLMARK_ANGIOGENESIS",0.0787335240910507,0.0876018617521917,0.0210751017632563,-0.420796908160254,1999,0.6515,1,4218
"HALLMARK_APICAL_JUNCTION",0.293574830147602,0.323127019263966,0.0235139646772702,-1.25679312365944,1999,0.8925,1,4218
"HALLMARK_APICAL_SURFACE",0.0894212654030253,0.082023707490296,0.0204442585592245,0.361840361747506,1999,0.3545,1,4218
"HALLMARK_APOPTOSIS",0.239256666525748,0.316572387768409,0.0247126145212269,-3.12859334152,1999,0.999,1,4218
"HALLMARK_BILE_ACID_METABOLISM",0.11123976336198,0.162285140393352,0.022419272208561,-2.27685254706349,1999,0.987,1,4218
"HALLMARK_CHOLESTEROL_HOMEOSTASIS",0.148380209990839,0.244139267026802,0.0309969215332092,-3.08930862483779,1999,0.9995,1,4218
"HALLMARK_COAGULATION",0.110445394472665,0.244758491957747,0.0284594118018882,-4.71946147095602,1999,1,1,4218
"HALLMARK_COMPLEMENT",0.208354812166328,0.307336885993189,0.0236975991253873,-4.17688194078788,1999,0.9995,1,4218
"HALLMARK_DNA_REPAIR",0.311322263690422,0.321465249853871,0.0247092799414492,-0.410492988362421,1999,0.674,1,4218
"HALLMARK_E2F_TARGETS",0.260841919662625,0.25019917685682,0.0203656693614817,0.522582519479265,1999,0.293,1,4218
"HALLMARK_EPITHELIAL_MESENCHYMAL_TRANSITION",0.205608809252891,0.298627026465972,0.0228028363693778,-4.07923890284089,1999,1,1,4218
"HALLMARK_ESTROGEN_RESPONSE_EARLY",0.305211511313926,0.31276515942011,0.0218284298235363,-0.346046333485679,1999,0.624,1,4218
"HALLMARK_ESTROGEN_RESPONSE_LATE",0.270802158799551,0.318471834370506,0.0227734251937124,-2.09321501554877,1999,0.9775,1,4218
"HALLMARK_FATTY_ACID_METABOLISM",0.302986915915477,0.345854145623575,0.0235181209149844,-1.82273192076264,1999,0.9525,1,4218
"HALLMARK_G2M_CHECKPOINT",0.259722162226112,0.264060069752369,0.0204954163932733,-0.211652568702161,1999,0.5875,1,4218
"HALLMARK_GLYCOLYSIS",0.341500860666982,0.330735631739296,0.0233962319882671,0.460126610690329,1999,0.3315,1,4218
"HALLMARK_HEDGEHOG_SIGNALING",0.180963516417482,0.138322111888595,0.0291905999548006,1.46079233023348,1999,0.079,1,4218
"HALLMARK_HEME_METABOLISM",0.303188798235995,0.339049594168316,0.0215091705270794,-1.66723286177738,1999,0.944,1,4218
"HALLMARK_HYPOXIA",0.237683590698641,0.320976728938768,0.0233343514041107,-3.56955017937434,1999,1,1,4218
"HALLMARK_IL2_STAT5_SIGNALING",0.209524613451046,0.254649447529396,0.022782599573342,-1.98067099116956,1999,0.9755,1,4218
"HALLMARK_IL6_JAK_STAT3_SIGNALING",0.0425807712205782,0.0805960199623319,0.0167222193142908,-2.27333752938319,1999,0.9925,1,4218
"HALLMARK_INFLAMMATORY_RESPONSE",0.110656675417921,0.168549755080495,0.020627348675312,-2.80661759171523,1999,0.997,1,4218
"HALLMARK_INTERFERON_ALPHA_RESPONSE",0.17359216064324,0.15375290442383,0.0224289118147153,0.884539400899233,1999,0.1965,1,4218
"HALLMARK_INTERFERON_GAMMA_RESPONSE",0.195411894806851,0.215358168007992,0.0206564785614303,-0.965618275245847,1999,0.824,1,4218
"HALLMARK_KRAS_SIGNALING_DN",0.213075913709621,0.1929505660134,0.024878214697835,0.808954659353934,1999,0.2065,1,4218
"HALLMARK_KRAS_SIGNALING_UP",0.191057933034211,0.251005654120275,0.0226803575672689,-2.64315590740851,1999,0.9965,1,4218
"HALLMARK_MITOTIC_SPINDLE",0.333875001339252,0.341741076960249,0.0215437214946423,-0.365121486691761,1999,0.6415,1,4218
"HALLMARK_MTORC1_SIGNALING",0.392026221475709,0.419374996037298,0.0216067779057418,-1.26574978837179,1999,0.8855,1,4218
"HALLMARK_MYC_TARGETS_V1",0.48515650257026,0.501443158072756,0.0192760818178801,-0.844915250742916,1999,0.791,1,4218
"HALLMARK_MYC_TARGETS_V2",0.122932564006779,0.125648818356018,0.0211151358500996,-0.128640155030153,1999,0.5545,1,4218
"HALLMARK_MYOGENESIS",0.218125281455046,0.346571371782894,0.0228101788125035,-5.63108651552701,1999,1,1,4218
"HALLMARK_NOTCH_SIGNALING",0.0418404294303618,0.0779119092556767,0.0197181669131506,-1.82935259571506,1999,0.979,1,4218
"HALLMARK_OXIDATIVE_PHOSPHORYLATION",0.604277281940801,0.537241185858293,0.0180449054309804,3.71495967872558,1999,0.001,0.05,4218
"HALLMARK_P53_PATHWAY",0.296688892591228,0.317682877618487,0.0225192442341694,-0.932268632506066,1999,0.8285,1,4218
"HALLMARK_PANCREAS_BETA_CELLS",0.159687573063548,0.121555311035803,0.0302903742859495,1.25889042069161,1999,0.12,1,4218
"HALLMARK_PEROXISOME",0.185447075707402,0.254933111449395,0.0273571936670563,-2.53995481362801,1999,0.996,1,4218
"HALLMARK_PI3K_AKT_MTOR_SIGNALING",0.320800516677195,0.297944593485472,0.0298682998901606,0.765223440094489,1999,0.2275,1,4218
"HALLMARK_PROTEIN_SECRETION",0.349628089666592,0.313285763507906,0.0273480697231344,1.32888085070015,1999,0.1035,1,4218
"HALLMARK_REACTIVE_OXYGEN_SPECIES_PATHWAY",0.236199909718238,0.248150790087636,0.0361782909595427,-0.330332916575919,1999,0.634,1,4218
"HALLMARK_SPERMATOGENESIS",0.196982265581094,0.166737060390068,0.0239910688348439,1.26068602442169,1999,0.1095,1,4218
"HALLMARK_TGF_BETA_SIGNALING",0.0991875546557175,0.160185052084482,0.0261998664898256,-2.328160620683,1999,0.993,1,4218
"HALLMARK_TNFA_SIGNALING_VIA_NFKB",0.198026586690709,0.233935994541313,0.0195320412784855,-1.83848719847618,1999,0.961,1,4218
"HALLMARK_UNFOLDED_PROTEIN_RESPONSE",0.308935887862896,0.303735175444226,0.0257574954552698,0.201910641028809,1999,0.416,1,4218
"HALLMARK_UV_RESPONSE_DN",0.262093382417258,0.291834358691266,0.0219805223705971,-1.35306048566853,1999,0.896,1,4218
"HALLMARK_UV_RESPONSE_UP",0.342597130995269,0.351147127150753,0.0243685712499419,-0.350861610546989,1999,0.6205,1,4218
"HALLMARK_WNT_BETA_CATENIN_SIGNALING",0.0715835730402046,0.0824969087431102,0.019287567560774,-0.565822292962467,1999,0.7175,1,4218
"HALLMARK_XENOBIOTIC_METABOLISM",0.207649651018651,0.31624458754862,0.0241759834619526,-4.4918518703023,1999,1,1,4218
