"method","endpoint","pathway","p_value","q_value","elapsed_seconds","n_genes"
"SPARKX_ACAT","absolute","HALLMARK_ADIPOGENESIS",1.3452173152747e-265,1.3452173152747e-264,16.3368031978607,191
"SPARKX_ACAT","absolute","HALLMARK_ALLOGRAFT_REJECTION",8.62399308747237e-122,1.13473593256215e-121,16.3368031978607,138
"SPARKX_ACAT","absolute","HALLMARK_ANDROGEN_RESPONSE",6.60711072069022e-173,1.83530853352506e-172,16.3368031978607,94
"SPARKX_ACAT","absolute","HALLMARK_ANGIOGENESIS",1.39835529271673e-123,1.94216012877324e-123,16.3368031978607,30
"SPARKX_ACAT","absolute","HALLMARK_APICAL_JUNCTION",6.30265224059605e-193,3.09939038944782e-192,16.3368031978607,171
"SPARKX_ACAT","absolute","HALLMARK_APICAL_SURFACE",1.45041061340761e-123,1.96001434244272e-123,16.3368031978607,31
"SPARKX_ACAT","absolute","HALLMARK_APOPTOSIS",1.02123827599389e-265,1.3452173152747e-264,16.3368031978607,145
"SPARKX_ACAT","absolute","HALLMARK_BILE_ACID_METABOLISM",2.20715841215464e-98,2.56646326994726e-98,16.3368031978607,79
"SPARKX_ACAT","absolute","HALLMARK_CHOLESTEROL_HOMEOSTASIS",4.37714459739367e-179,1.68351715284372e-178,16.3368031978607,70
"SPARKX_ACAT","absolute","HALLMARK_COAGULATION",4.9967686843061e-168,1.31493912744897e-167,16.3368031978607,100
"SPARKX_ACAT","absolute","HALLMARK_COMPLEMENT",1.86964500949684e-136,2.83279546893461e-136,16.3368031978607,166
"SPARKX_ACAT","absolute","HALLMARK_DNA_REPAIR",6.6132696917535e-138,1.06665640189573e-137,16.3368031978607,146
"SPARKX_ACAT","absolute","HALLMARK_E2F_TARGETS",2.48058944329943e-146,5.16789467354049e-146,16.3368031978607,195
"SPARKX_ACAT","absolute","HALLMARK_EPITHELIAL_MESENCHYMAL_TRANSITION",1.01538143513823e-149,2.41757484556721e-149,16.3368031978607,191
"SPARKX_ACAT","absolute","HALLMARK_ESTROGEN_RESPONSE_EARLY",1.06738070534736e-235,7.62414789533829e-235,16.3368031978607,179
"SPARKX_ACAT","absolute","HALLMARK_ESTROGEN_RESPONSE_LATE",9.6428551803704e-179,3.41834149510744e-178,16.3368031978607,172
"SPARKX_ACAT","absolute","HALLMARK_FATTY_ACID_METABOLISM",2.13888247212114e-129,3.13176816394198e-129,16.3368031978607,136
"SPARKX_ACAT","absolute","HALLMARK_G2M_CHECKPOINT",2.37882167126664e-146,5.16789467354049e-146,16.3368031978607,187
"SPARKX_ACAT","absolute","HALLMARK_GLYCOLYSIS",9.97566160804467e-178,3.11739425251396e-177,16.3368031978607,180
"SPARKX_ACAT","absolute","HALLMARK_HEDGEHOG_SIGNALING",6.07116371977362e-81,6.4586848082698e-81,16.3368031978607,28
"SPARKX_ACAT","absolute","HALLMARK_HEME_METABOLISM",1.32666318948543e-184,5.52776328952263e-184,16.3368031978607,157
"SPARKX_ACAT","absolute","HALLMARK_HYPOXIA",6.06453315508043e-149,1.37830298979101e-148,16.3368031978607,183
"SPARKX_ACAT","absolute","HALLMARK_IL2_STAT5_SIGNALING",1.02563956044551e-235,7.62414789533829e-235,16.3368031978607,172
"SPARKX_ACAT","absolute","HALLMARK_IL6_JAK_STAT3_SIGNALING",5.8050677162733e-162,1.45126692906833e-161,16.3368031978607,70
"SPARKX_ACAT","absolute","HALLMARK_INFLAMMATORY_RESPONSE",1.36990402248756e-139,2.36190348704752e-139,16.3368031978607,148
"SPARKX_ACAT","absolute","HALLMARK_INTERFERON_ALPHA_RESPONSE",7.0547595337008e-140,1.30643695068533e-139,16.3368031978607,92
"SPARKX_ACAT","absolute","HALLMARK_INTERFERON_GAMMA_RESPONSE",1.35727438854896e-139,2.36190348704752e-139,16.3368031978607,177
"SPARKX_ACAT","absolute","HALLMARK_KRAS_SIGNALING_DN",2.07339039031821e-114,2.59173798789776e-114,16.3368031978607,89
"SPARKX_ACAT","absolute","HALLMARK_KRAS_SIGNALING_UP",1.02550244853223e-178,3.41834149510744e-178,16.3368031978607,164
"SPARKX_ACAT","absolute","HALLMARK_MITOTIC_SPINDLE",9.02575378341971e-119,1.15714792095125e-118,16.3368031978607,195
"SPARKX_ACAT","absolute","HALLMARK_MTORC1_SIGNALING",7.36547276772773e-144,1.47309455354555e-143,16.3368031978607,195
"SPARKX_ACAT","absolute","HALLMARK_MYC_TARGETS_V1",5.06212380527055e-201,2.81229100292809e-200,16.3368031978607,194
"SPARKX_ACAT","absolute","HALLMARK_MYC_TARGETS_V2",3.53742668646717e-71,3.68481946506997e-71,16.3368031978607,57
"SPARKX_ACAT","absolute","HALLMARK_MYOGENESIS",1.20435686341348e-265,1.3452173152747e-264,16.3368031978607,171
"SPARKX_ACAT","absolute","HALLMARK_NOTCH_SIGNALING",2.31565617536496e-106,2.82397094556702e-106,16.3368031978607,32
"SPARKX_ACAT","absolute","HALLMARK_OXIDATIVE_PHOSPHORYLATION",9.05927352425518e-138,1.41551148816487e-137,16.3368031978607,200
"SPARKX_ACAT","absolute","HALLMARK_P53_PATHWAY",6.76886407052624e-175,1.99084237368419e-174,16.3368031978607,188
"SPARKX_ACAT","absolute","HALLMARK_PANCREAS_BETA_CELLS",9.07308317637199e-55,9.25824813915509e-55,16.3368031978607,21
"SPARKX_ACAT","absolute","HALLMARK_PEROXISOME",2.27012768586875e-201,1.41882980366797e-200,16.3368031978607,87
"SPARKX_ACAT","absolute","HALLMARK_PI3K_AKT_MTOR_SIGNALING",1.92413462735522e-96,2.18651662199457e-96,16.3368031978607,94
"SPARKX_ACAT","absolute","HALLMARK_PROTEIN_SECRETION",2.19223771475939e-129,3.13176816394198e-129,16.3368031978607,95
"SPARKX_ACAT","absolute","HALLMARK_REACTIVE_OXYGEN_SPECIES_PATHWAY",3.3102206187388e-266,1.3452173152747e-264,16.3368031978607,47
"SPARKX_ACAT","absolute","HALLMARK_SPERMATOGENESIS",6.67941510427498e-35,6.67941510427498e-35,16.3368031978607,63
"SPARKX_ACAT","absolute","HALLMARK_TGF_BETA_SIGNALING",1.52415597414887e-90,1.69350663794319e-90,16.3368031978607,52
"SPARKX_ACAT","absolute","HALLMARK_TNFA_SIGNALING_VIA_NFKB",6.8186588567852e-193,3.09939038944782e-192,16.3368031978607,185
"SPARKX_ACAT","absolute","HALLMARK_UNFOLDED_PROTEIN_RESPONSE",4.17647726672241e-138,6.96079544453735e-138,16.3368031978607,107
"SPARKX_ACAT","absolute","HALLMARK_UV_RESPONSE_DN",7.49997578319073e-106,8.92854259903659e-106,16.3368031978607,140
"SPARKX_ACAT","absolute","HALLMARK_UV_RESPONSE_UP",9.64894095249396e-266,1.3452173152747e-264,16.3368031978607,137
"SPARKX_ACAT","absolute","HALLMARK_WNT_BETA_CATENIN_SIGNALING",3.29481969485946e-90,3.58132575528202e-90,16.3368031978607,38
"SPARKX_ACAT","absolute","HALLMARK_XENOBIOTIC_METABOLISM",5.9093661671066e-142,1.13641657059742e-141,16.3368031978607,156
"SPARKX_fgsea","competitive_gene_evidence","HALLMARK_ADIPOGENESIS",0.000105473814164166,0.000405668516016023,1.18584799766541,191
"SPARKX_fgsea","competitive_gene_evidence","HALLMARK_ALLOGRAFT_REJECTION",0.042957042957043,0.0692855531565209,1.18584799766541,138
"SPARKX_fgsea","competitive_gene_evidence","HALLMARK_ANDROGEN_RESPONSE",0.000134903237690998,0.00048179727746785,1.18584799766541,94
"SPARKX_fgsea","competitive_gene_evidence","HALLMARK_ANGIOGENESIS",0.00539123635998424,0.0133674250860142,1.18584799766541,30
"SPARKX_fgsea","competitive_gene_evidence","HALLMARK_APICAL_JUNCTION",1.63362914598405e-05,7.42558702720023e-05,1.18584799766541,171
"SPARKX_fgsea","competitive_gene_evidence","HALLMARK_APICAL_SURFACE",0.0559440559440559,0.0874125874125874,1.18584799766541,31
"SPARKX_fgsea","competitive_gene_evidence","HALLMARK_APOPTOSIS",3.31319199650001e-08,4.20670897319078e-07,1.18584799766541,145
"SPARKX_fgsea","competitive_gene_evidence","HALLMARK_BILE_ACID_METABOLISM",0.041958041958042,0.0692855531565209,1.18584799766541,79
"SPARKX_fgsea","competitive_gene_evidence","HALLMARK_CHOLESTEROL_HOMEOSTASIS",0.00754770160033341,0.0164080469572465,1.18584799766541,70
"SPARKX_fgsea","competitive_gene_evidence","HALLMARK_COAGULATION",5.36002728948461e-05,0.000223334470395192,1.18584799766541,100
"SPARKX_fgsea","competitive_gene_evidence","HALLMARK_COMPLEMENT",0.00561431853612597,0.0133674250860142,1.18584799766541,166
"SPARKX_fgsea","competitive_gene_evidence","HALLMARK_DNA_REPAIR",0.038961038961039,0.0692855531565209,1.18584799766541,146
"SPARKX_fgsea","competitive_gene_evidence","HALLMARK_E2F_TARGETS",0.996003996003996,1,1.18584799766541,195
"SPARKX_fgsea","competitive_gene_evidence","HALLMARK_EPITHELIAL_MESENCHYMAL_TRANSITION",7.79056486551438e-07,4.32809159195243e-06,1.18584799766541,191
"SPARKX_fgsea","competitive_gene_evidence","HALLMARK_ESTROGEN_RESPONSE_EARLY",5.01181599684212e-06,2.50590799842106e-05,1.18584799766541,179
"SPARKX_fgsea","competitive_gene_evidence","HALLMARK_ESTROGEN_RESPONSE_LATE",3.36536717855263e-08,4.20670897319078e-07,1.18584799766541,172
"SPARKX_fgsea","competitive_gene_evidence","HALLMARK_FATTY_ACID_METABOLISM",0.040959040959041,0.0692855531565209,1.18584799766541,136
"SPARKX_fgsea","competitive_gene_evidence","HALLMARK_G2M_CHECKPOINT",0.993006993006993,1,1.18584799766541,187
"SPARKX_fgsea","competitive_gene_evidence","HALLMARK_GLYCOLYSIS",4.87845239609227e-08,4.87845239609227e-07,1.18584799766541,180
"SPARKX_fgsea","competitive_gene_evidence","HALLMARK_HEDGEHOG_SIGNALING",0.835164835164835,0.907787864309603,1.18584799766541,28
"SPARKX_fgsea","competitive_gene_evidence","HALLMARK_HEME_METABOLISM",0.0989010989010989,0.142714428428714,1.18584799766541,157
"SPARKX_fgsea","competitive_gene_evidence","HALLMARK_HYPOXIA",7.02421245721691e-12,3.51210622860845e-10,1.18584799766541,183
"SPARKX_fgsea","competitive_gene_evidence","HALLMARK_IL2_STAT5_SIGNALING",0.000709812531060426,0.00221816415956383,1.18584799766541,172
"SPARKX_fgsea","competitive_gene_evidence","HALLMARK_IL6_JAK_STAT3_SIGNALING",0.433566433566434,0.504147015774923,1.18584799766541,70
"SPARKX_fgsea","competitive_gene_evidence","HALLMARK_INFLAMMATORY_RESPONSE",0.117882117882118,0.163725163725164,1.18584799766541,148
"SPARKX_fgsea","competitive_gene_evidence","HALLMARK_INTERFERON_ALPHA_RESPONSE",0.121878121878122,0.164700164700165,1.18584799766541,92
"SPARKX_fgsea","competitive_gene_evidence","HALLMARK_INTERFERON_GAMMA_RESPONSE",0.0999000999000999,0.142714428428714,1.18584799766541,177
"SPARKX_fgsea","competitive_gene_evidence","HALLMARK_KRAS_SIGNALING_DN",0.637362637362637,0.708180708180708,1.18584799766541,89
"SPARKX_fgsea","competitive_gene_evidence","HALLMARK_KRAS_SIGNALING_UP",0.00919170650243912,0.0191493885467482,1.18584799766541,164
"SPARKX_fgsea","competitive_gene_evidence","HALLMARK_MITOTIC_SPINDLE",0.532467532467532,0.605076741440378,1.18584799766541,195
"SPARKX_fgsea","competitive_gene_evidence","HALLMARK_MTORC1_SIGNALING",0.00238639132654291,0.00662886479595253,1.18584799766541,195
"SPARKX_fgsea","competitive_gene_evidence","HALLMARK_MYC_TARGETS_V1",5.32145436497736e-07,3.32590897811085e-06,1.18584799766541,194
"SPARKX_fgsea","competitive_gene_evidence","HALLMARK_MYC_TARGETS_V2",0.962037962037962,1,1.18584799766541,57
"SPARKX_fgsea","competitive_gene_evidence","HALLMARK_MYOGENESIS",0.000581590306914199,0.00193863435638066,1.18584799766541,171
"SPARKX_fgsea","competitive_gene_evidence","HALLMARK_NOTCH_SIGNALING",0.201798201798202,0.252247752247752,1.18584799766541,32
"SPARKX_fgsea","competitive_gene_evidence","HALLMARK_OXIDATIVE_PHOSPHORYLATION",2.39348374952859e-07,1.70963124966328e-06,1.18584799766541,200
"SPARKX_fgsea","competitive_gene_evidence","HALLMARK_P53_PATHWAY",1.98875638027034e-10,4.97189095067585e-09,1.18584799766541,188
"SPARKX_fgsea","competitive_gene_evidence","HALLMARK_PANCREAS_BETA_CELLS",0.2997002997003,0.365488170366219,1.18584799766541,21
"SPARKX_fgsea","competitive_gene_evidence","HALLMARK_PEROXISOME",0.0649350649350649,0.0983864620228257,1.18584799766541,87
"SPARKX_fgsea","competitive_gene_evidence","HALLMARK_PI3K_AKT_MTOR_SIGNALING",0.187812187812188,0.240784856169472,1.18584799766541,94
"SPARKX_fgsea","competitive_gene_evidence","HALLMARK_PROTEIN_SECRETION",0.12987012987013,0.170881749829118,1.18584799766541,95
"SPARKX_fgsea","competitive_gene_evidence","HALLMARK_REACTIVE_OXYGEN_SPECIES_PATHWAY",0.000966438317610918,0.00284246564003211,1.18584799766541,47
"SPARKX_fgsea","competitive_gene_evidence","HALLMARK_SPERMATOGENESIS",1,1,1.18584799766541,63
"SPARKX_fgsea","competitive_gene_evidence","HALLMARK_TGF_BETA_SIGNALING",0.035964035964036,0.0666000666000666,1.18584799766541,52
"SPARKX_fgsea","competitive_gene_evidence","HALLMARK_TNFA_SIGNALING_VIA_NFKB",7.60289802259483e-08,6.33574835216236e-07,1.18584799766541,185
"SPARKX_fgsea","competitive_gene_evidence","HALLMARK_UNFOLDED_PROTEIN_RESPONSE",0.035964035964036,0.0666000666000666,1.18584799766541,107
"SPARKX_fgsea","competitive_gene_evidence","HALLMARK_UV_RESPONSE_DN",0.0214780651523614,0.0429561303047229,1.18584799766541,140
"SPARKX_fgsea","competitive_gene_evidence","HALLMARK_UV_RESPONSE_UP",0.00717589672502863,0.0163088561932469,1.18584799766541,137
"SPARKX_fgsea","competitive_gene_evidence","HALLMARK_WNT_BETA_CATENIN_SIGNALING",0.365634365634366,0.435279006707578,1.18584799766541,38
"SPARKX_fgsea","competitive_gene_evidence","HALLMARK_XENOBIOTIC_METABOLISM",0.00353331985160324,0.009298210135798,1.18584799766541,156
"STpathway_dCov","absolute","HALLMARK_ADIPOGENESIS",0.001,0.001,550.958696126938,191
"STpathway_dCov","absolute","HALLMARK_ALLOGRAFT_REJECTION",0.001,0.001,550.958696126938,138
"STpathway_dCov","absolute","HALLMARK_ANDROGEN_RESPONSE",0.001,0.001,550.958696126938,94
"STpathway_dCov","absolute","HALLMARK_ANGIOGENESIS",0.001,0.001,550.958696126938,30
"STpathway_dCov","absolute","HALLMARK_APICAL_JUNCTION",0.001,0.001,550.958696126938,171
"STpathway_dCov","absolute","HALLMARK_APICAL_SURFACE",0.001,0.001,550.958696126938,31
"STpathway_dCov","absolute","HALLMARK_APOPTOSIS",0.001,0.001,550.958696126938,145
"STpathway_dCov","absolute","HALLMARK_BILE_ACID_METABOLISM",0.001,0.001,550.958696126938,79
"STpathway_dCov","absolute","HALLMARK_CHOLESTEROL_HOMEOSTASIS",0.001,0.001,550.958696126938,70
"STpathway_dCov","absolute","HALLMARK_COAGULATION",0.001,0.001,550.958696126938,100
"STpathway_dCov","absolute","HALLMARK_COMPLEMENT",0.001,0.001,550.958696126938,166
"STpathway_dCov","absolute","HALLMARK_DNA_REPAIR",0.001,0.001,550.958696126938,146
"STpathway_dCov","absolute","HALLMARK_E2F_TARGETS",0.001,0.001,550.958696126938,195
"STpathway_dCov","absolute","HALLMARK_EPITHELIAL_MESENCHYMAL_TRANSITION",0.001,0.001,550.958696126938,191
"STpathway_dCov","absolute","HALLMARK_ESTROGEN_RESPONSE_EARLY",0.001,0.001,550.958696126938,179
"STpathway_dCov","absolute","HALLMARK_ESTROGEN_RESPONSE_LATE",0.001,0.001,550.958696126938,172
"STpathway_dCov","absolute","HALLMARK_FATTY_ACID_METABOLISM",0.001,0.001,550.958696126938,136
"STpathway_dCov","absolute","HALLMARK_G2M_CHECKPOINT",0.001,0.001,550.958696126938,187
"STpathway_dCov","absolute","HALLMARK_GLYCOLYSIS",0.001,0.001,550.958696126938,180
"STpathway_dCov","absolute","HALLMARK_HEDGEHOG_SIGNALING",0.001,0.001,550.958696126938,28
"STpathway_dCov","absolute","HALLMARK_HEME_METABOLISM",0.001,0.001,550.958696126938,157
"STpathway_dCov","absolute","HALLMARK_HYPOXIA",0.001,0.001,550.958696126938,183
"STpathway_dCov","absolute","HALLMARK_IL2_STAT5_SIGNALING",0.001,0.001,550.958696126938,172
"STpathway_dCov","absolute","HALLMARK_IL6_JAK_STAT3_SIGNALING",0.001,0.001,550.958696126938,70
"STpathway_dCov","absolute","HALLMARK_INFLAMMATORY_RESPONSE",0.001,0.001,550.958696126938,148
"STpathway_dCov","absolute","HALLMARK_INTERFERON_ALPHA_RESPONSE",0.001,0.001,550.958696126938,92
"STpathway_dCov","absolute","HALLMARK_INTERFERON_GAMMA_RESPONSE",0.001,0.001,550.958696126938,177
"STpathway_dCov","absolute","HALLMARK_KRAS_SIGNALING_DN",0.001,0.001,550.958696126938,89
"STpathway_dCov","absolute","HALLMARK_KRAS_SIGNALING_UP",0.001,0.001,550.958696126938,164
"STpathway_dCov","absolute","HALLMARK_MITOTIC_SPINDLE",0.001,0.001,550.958696126938,195
"STpathway_dCov","absolute","HALLMARK_MTORC1_SIGNALING",0.001,0.001,550.958696126938,195
"STpathway_dCov","absolute","HALLMARK_MYC_TARGETS_V1",0.001,0.001,550.958696126938,194
"STpathway_dCov","absolute","HALLMARK_MYC_TARGETS_V2",0.001,0.001,550.958696126938,57
"STpathway_dCov","absolute","HALLMARK_MYOGENESIS",0.001,0.001,550.958696126938,171
"STpathway_dCov","absolute","HALLMARK_NOTCH_SIGNALING",0.001,0.001,550.958696126938,32
"STpathway_dCov","absolute","HALLMARK_OXIDATIVE_PHOSPHORYLATION",0.001,0.001,550.958696126938,200
"STpathway_dCov","absolute","HALLMARK_P53_PATHWAY",0.001,0.001,550.958696126938,188
"STpathway_dCov","absolute","HALLMARK_PANCREAS_BETA_CELLS",0.001,0.001,550.958696126938,21
"STpathway_dCov","absolute","HALLMARK_PEROXISOME",0.001,0.001,550.958696126938,87
"STpathway_dCov","absolute","HALLMARK_PI3K_AKT_MTOR_SIGNALING",0.001,0.001,550.958696126938,94
"STpathway_dCov","absolute","HALLMARK_PROTEIN_SECRETION",0.001,0.001,550.958696126938,95
"STpathway_dCov","absolute","HALLMARK_REACTIVE_OXYGEN_SPECIES_PATHWAY",0.001,0.001,550.958696126938,47
"STpathway_dCov","absolute","HALLMARK_SPERMATOGENESIS",0.001,0.001,550.958696126938,63
"STpathway_dCov","absolute","HALLMARK_TGF_BETA_SIGNALING",0.001,0.001,550.958696126938,52
"STpathway_dCov","absolute","HALLMARK_TNFA_SIGNALING_VIA_NFKB",0.001,0.001,550.958696126938,185
"STpathway_dCov","absolute","HALLMARK_UNFOLDED_PROTEIN_RESPONSE",0.001,0.001,550.958696126938,107
"STpathway_dCov","absolute","HALLMARK_UV_RESPONSE_DN",0.001,0.001,550.958696126938,140
"STpathway_dCov","absolute","HALLMARK_UV_RESPONSE_UP",0.001,0.001,550.958696126938,137
"STpathway_dCov","absolute","HALLMARK_WNT_BETA_CATENIN_SIGNALING",0.001,0.001,550.958696126938,38
"STpathway_dCov","absolute","HALLMARK_XENOBIOTIC_METABOLISM",0.001,0.001,550.958696126938,156
"spatialSVP_matched_none","competitive_score","HALLMARK_ADIPOGENESIS",0.966,1,78.2078137397766,191
"spatialSVP_matched_none","competitive_score","HALLMARK_ALLOGRAFT_REJECTION",1,1,78.2078137397766,138
"spatialSVP_matched_none","competitive_score","HALLMARK_ANDROGEN_RESPONSE",0.313,0.771428571428571,78.2078137397766,94
"spatialSVP_matched_none","competitive_score","HALLMARK_ANGIOGENESIS",0.756,1,78.2078137397766,30
"spatialSVP_matched_none","competitive_score","HALLMARK_APICAL_JUNCTION",0.982,1,78.2078137397766,171
"spatialSVP_matched_none","competitive_score","HALLMARK_APICAL_SURFACE",0.868,1,78.2078137397766,31
"spatialSVP_matched_none","competitive_score","HALLMARK_APOPTOSIS",0.855,1,78.2078137397766,145
"spatialSVP_matched_none","competitive_score","HALLMARK_BILE_ACID_METABOLISM",0.208,0.547368421052632,78.2078137397766,79
"spatialSVP_matched_none","competitive_score","HALLMARK_CHOLESTEROL_HOMEOSTASIS",0.001,0.01,78.2078137397766,70
"spatialSVP_matched_none","competitive_score","HALLMARK_COAGULATION",0.806,1,78.2078137397766,100
"spatialSVP_matched_none","competitive_score","HALLMARK_COMPLEMENT",1,1,78.2078137397766,166
"spatialSVP_matched_none","competitive_score","HALLMARK_DNA_REPAIR",0.027,0.122727272727273,78.2078137397766,146
"spatialSVP_matched_none","competitive_score","HALLMARK_E2F_TARGETS",0.001,0.01,78.2078137397766,195
"spatialSVP_matched_none","competitive_score","HALLMARK_EPITHELIAL_MESENCHYMAL_TRANSITION",0.948,1,78.2078137397766,191
"spatialSVP_matched_none","competitive_score","HALLMARK_ESTROGEN_RESPONSE_EARLY",0.002,0.0166666666666667,78.2078137397766,179
"spatialSVP_matched_none","competitive_score","HALLMARK_ESTROGEN_RESPONSE_LATE",0.001,0.01,78.2078137397766,172
"spatialSVP_matched_none","competitive_score","HALLMARK_FATTY_ACID_METABOLISM",0.096,0.35,78.2078137397766,136
"spatialSVP_matched_none","competitive_score","HALLMARK_G2M_CHECKPOINT",0.021,0.105,78.2078137397766,187
"spatialSVP_matched_none","competitive_score","HALLMARK_GLYCOLYSIS",0.001,0.01,78.2078137397766,180
"spatialSVP_matched_none","competitive_score","HALLMARK_HEDGEHOG_SIGNALING",0.993,1,78.2078137397766,28
"spatialSVP_matched_none","competitive_score","HALLMARK_HEME_METABOLISM",0.57,1,78.2078137397766,157
"spatialSVP_matched_none","competitive_score","HALLMARK_HYPOXIA",0.011,0.0611111111111111,78.2078137397766,183
"spatialSVP_matched_none","competitive_score","HALLMARK_IL2_STAT5_SIGNALING",0.984,1,78.2078137397766,172
"spatialSVP_matched_none","competitive_score","HALLMARK_IL6_JAK_STAT3_SIGNALING",0.77,1,78.2078137397766,70
"spatialSVP_matched_none","competitive_score","HALLMARK_INFLAMMATORY_RESPONSE",1,1,78.2078137397766,148
"spatialSVP_matched_none","competitive_score","HALLMARK_INTERFERON_ALPHA_RESPONSE",0.876,1,78.2078137397766,92
"spatialSVP_matched_none","competitive_score","HALLMARK_INTERFERON_GAMMA_RESPONSE",0.883,1,78.2078137397766,177
"spatialSVP_matched_none","competitive_score","HALLMARK_KRAS_SIGNALING_DN",0.324,0.771428571428571,78.2078137397766,89
"spatialSVP_matched_none","competitive_score","HALLMARK_KRAS_SIGNALING_UP",0.992,1,78.2078137397766,164
"spatialSVP_matched_none","competitive_score","HALLMARK_MITOTIC_SPINDLE",0.695,1,78.2078137397766,195
"spatialSVP_matched_none","competitive_score","HALLMARK_MTORC1_SIGNALING",0.004,0.0285714285714286,78.2078137397766,195
"spatialSVP_matched_none","competitive_score","HALLMARK_MYC_TARGETS_V1",0.116,0.386666666666667,78.2078137397766,194
"spatialSVP_matched_none","competitive_score","HALLMARK_MYC_TARGETS_V2",0.032,0.133333333333333,78.2078137397766,57
"spatialSVP_matched_none","competitive_score","HALLMARK_MYOGENESIS",0.098,0.35,78.2078137397766,171
"spatialSVP_matched_none","competitive_score","HALLMARK_NOTCH_SIGNALING",0.503,0.967307692307692,78.2078137397766,32
"spatialSVP_matched_none","competitive_score","HALLMARK_OXIDATIVE_PHOSPHORYLATION",0.01,0.0611111111111111,78.2078137397766,200
"spatialSVP_matched_none","competitive_score","HALLMARK_P53_PATHWAY",0.001,0.01,78.2078137397766,188
"spatialSVP_matched_none","competitive_score","HALLMARK_PANCREAS_BETA_CELLS",0.422,0.914583333333333,78.2078137397766,21
"spatialSVP_matched_none","competitive_score","HALLMARK_PEROXISOME",0.203,0.547368421052632,78.2078137397766,87
"spatialSVP_matched_none","competitive_score","HALLMARK_PI3K_AKT_MTOR_SIGNALING",0.471,0.942,78.2078137397766,94
"spatialSVP_matched_none","competitive_score","HALLMARK_PROTEIN_SECRETION",0.363,0.825,78.2078137397766,95
"spatialSVP_matched_none","competitive_score","HALLMARK_REACTIVE_OXYGEN_SPECIES_PATHWAY",0.842,1,78.2078137397766,47
"spatialSVP_matched_none","competitive_score","HALLMARK_SPERMATOGENESIS",0.155,0.484375,78.2078137397766,63
"spatialSVP_matched_none","competitive_score","HALLMARK_TGF_BETA_SIGNALING",0.953,1,78.2078137397766,52
"spatialSVP_matched_none","competitive_score","HALLMARK_TNFA_SIGNALING_VIA_NFKB",0.439,0.914583333333333,78.2078137397766,185
"spatialSVP_matched_none","competitive_score","HALLMARK_UNFOLDED_PROTEIN_RESPONSE",0.178,0.523529411764706,78.2078137397766,107
"spatialSVP_matched_none","competitive_score","HALLMARK_UV_RESPONSE_DN",1,1,78.2078137397766,140
"spatialSVP_matched_none","competitive_score","HALLMARK_UV_RESPONSE_UP",0.832,1,78.2078137397766,137
"spatialSVP_matched_none","competitive_score","HALLMARK_WNT_BETA_CATENIN_SIGNALING",0.644,1,78.2078137397766,38
"spatialSVP_matched_none","competitive_score","HALLMARK_XENOBIOTIC_METABOLISM",0.793,1,78.2078137397766,156
"spatialSVP_permutation_none","absolute_score","HALLMARK_ADIPOGENESIS",0.001,0.001,2.6543869972229,191
"spatialSVP_permutation_none","absolute_score","HALLMARK_ALLOGRAFT_REJECTION",0.001,0.001,2.6543869972229,138
"spatialSVP_permutation_none","absolute_score","HALLMARK_ANDROGEN_RESPONSE",0.001,0.001,2.6543869972229,94
"spatialSVP_permutation_none","absolute_score","HALLMARK_ANGIOGENESIS",0.001,0.001,2.6543869972229,30
"spatialSVP_permutation_none","absolute_score","HALLMARK_APICAL_JUNCTION",0.001,0.001,2.6543869972229,171
"spatialSVP_permutation_none","absolute_score","HALLMARK_APICAL_SURFACE",0.001,0.001,2.6543869972229,31
"spatialSVP_permutation_none","absolute_score","HALLMARK_APOPTOSIS",0.001,0.001,2.6543869972229,145
"spatialSVP_permutation_none","absolute_score","HALLMARK_BILE_ACID_METABOLISM",0.001,0.001,2.6543869972229,79
"spatialSVP_permutation_none","absolute_score","HALLMARK_CHOLESTEROL_HOMEOSTASIS",0.001,0.001,2.6543869972229,70
"spatialSVP_permutation_none","absolute_score","HALLMARK_COAGULATION",0.001,0.001,2.6543869972229,100
"spatialSVP_permutation_none","absolute_score","HALLMARK_COMPLEMENT",0.001,0.001,2.6543869972229,166
"spatialSVP_permutation_none","absolute_score","HALLMARK_DNA_REPAIR",0.001,0.001,2.6543869972229,146
"spatialSVP_permutation_none","absolute_score","HALLMARK_E2F_TARGETS",0.001,0.001,2.6543869972229,195
"spatialSVP_permutation_none","absolute_score","HALLMARK_EPITHELIAL_MESENCHYMAL_TRANSITION",0.001,0.001,2.6543869972229,191
"spatialSVP_permutation_none","absolute_score","HALLMARK_ESTROGEN_RESPONSE_EARLY",0.001,0.001,2.6543869972229,179
"spatialSVP_permutation_none","absolute_score","HALLMARK_ESTROGEN_RESPONSE_LATE",0.001,0.001,2.6543869972229,172
"spatialSVP_permutation_none","absolute_score","HALLMARK_FATTY_ACID_METABOLISM",0.001,0.001,2.6543869972229,136
"spatialSVP_permutation_none","absolute_score","HALLMARK_G2M_CHECKPOINT",0.001,0.001,2.6543869972229,187
"spatialSVP_permutation_none","absolute_score","HALLMARK_GLYCOLYSIS",0.001,0.001,2.6543869972229,180
"spatialSVP_permutation_none","absolute_score","HALLMARK_HEDGEHOG_SIGNALING",0.001,0.001,2.6543869972229,28
"spatialSVP_permutation_none","absolute_score","HALLMARK_HEME_METABOLISM",0.001,0.001,2.6543869972229,157
"spatialSVP_permutation_none","absolute_score","HALLMARK_HYPOXIA",0.001,0.001,2.6543869972229,183
"spatialSVP_permutation_none","absolute_score","HALLMARK_IL2_STAT5_SIGNALING",0.001,0.001,2.6543869972229,172
"spatialSVP_permutation_none","absolute_score","HALLMARK_IL6_JAK_STAT3_SIGNALING",0.001,0.001,2.6543869972229,70
"spatialSVP_permutation_none","absolute_score","HALLMARK_INFLAMMATORY_RESPONSE",0.001,0.001,2.6543869972229,148
"spatialSVP_permutation_none","absolute_score","HALLMARK_INTERFERON_ALPHA_RESPONSE",0.001,0.001,2.6543869972229,92
"spatialSVP_permutation_none","absolute_score","HALLMARK_INTERFERON_GAMMA_RESPONSE",0.001,0.001,2.6543869972229,177
"spatialSVP_permutation_none","absolute_score","HALLMARK_KRAS_SIGNALING_DN",0.001,0.001,2.6543869972229,89
"spatialSVP_permutation_none","absolute_score","HALLMARK_KRAS_SIGNALING_UP",0.001,0.001,2.6543869972229,164
"spatialSVP_permutation_none","absolute_score","HALLMARK_MITOTIC_SPINDLE",0.001,0.001,2.6543869972229,195
"spatialSVP_permutation_none","absolute_score","HALLMARK_MTORC1_SIGNALING",0.001,0.001,2.6543869972229,195
"spatialSVP_permutation_none","absolute_score","HALLMARK_MYC_TARGETS_V1",0.001,0.001,2.6543869972229,194
"spatialSVP_permutation_none","absolute_score","HALLMARK_MYC_TARGETS_V2",0.001,0.001,2.6543869972229,57
"spatialSVP_permutation_none","absolute_score","HALLMARK_MYOGENESIS",0.001,0.001,2.6543869972229,171
"spatialSVP_permutation_none","absolute_score","HALLMARK_NOTCH_SIGNALING",0.001,0.001,2.6543869972229,32
"spatialSVP_permutation_none","absolute_score","HALLMARK_OXIDATIVE_PHOSPHORYLATION",0.001,0.001,2.6543869972229,200
"spatialSVP_permutation_none","absolute_score","HALLMARK_P53_PATHWAY",0.001,0.001,2.6543869972229,188
"spatialSVP_permutation_none","absolute_score","HALLMARK_PANCREAS_BETA_CELLS",0.001,0.001,2.6543869972229,21
"spatialSVP_permutation_none","absolute_score","HALLMARK_PEROXISOME",0.001,0.001,2.6543869972229,87
"spatialSVP_permutation_none","absolute_score","HALLMARK_PI3K_AKT_MTOR_SIGNALING",0.001,0.001,2.6543869972229,94
"spatialSVP_permutation_none","absolute_score","HALLMARK_PROTEIN_SECRETION",0.001,0.001,2.6543869972229,95
"spatialSVP_permutation_none","absolute_score","HALLMARK_REACTIVE_OXYGEN_SPECIES_PATHWAY",0.001,0.001,2.6543869972229,47
"spatialSVP_permutation_none","absolute_score","HALLMARK_SPERMATOGENESIS",0.001,0.001,2.6543869972229,63
"spatialSVP_permutation_none","absolute_score","HALLMARK_TGF_BETA_SIGNALING",0.001,0.001,2.6543869972229,52
"spatialSVP_permutation_none","absolute_score","HALLMARK_TNFA_SIGNALING_VIA_NFKB",0.001,0.001,2.6543869972229,185
"spatialSVP_permutation_none","absolute_score","HALLMARK_UNFOLDED_PROTEIN_RESPONSE",0.001,0.001,2.6543869972229,107
"spatialSVP_permutation_none","absolute_score","HALLMARK_UV_RESPONSE_DN",0.001,0.001,2.6543869972229,140
"spatialSVP_permutation_none","absolute_score","HALLMARK_UV_RESPONSE_UP",0.001,0.001,2.6543869972229,137
"spatialSVP_permutation_none","absolute_score","HALLMARK_WNT_BETA_CATENIN_SIGNALING",0.001,0.001,2.6543869972229,38
"spatialSVP_permutation_none","absolute_score","HALLMARK_XENOBIOTIC_METABOLISM",0.001,0.001,2.6543869972229,156
"spatialSVP_matched_pcs","competitive_score","HALLMARK_ADIPOGENESIS",0.305,0.411842105263158,127.042428016663,191
"spatialSVP_matched_pcs","competitive_score","HALLMARK_ALLOGRAFT_REJECTION",0.178,0.26969696969697,127.042428016663,138
"spatialSVP_matched_pcs","competitive_score","HALLMARK_ANDROGEN_RESPONSE",0.022,0.055,127.042428016663,94
"spatialSVP_matched_pcs","competitive_score","HALLMARK_ANGIOGENESIS",0.516,0.614285714285714,127.042428016663,30
"spatialSVP_matched_pcs","competitive_score","HALLMARK_APICAL_JUNCTION",0.151,0.25,127.042428016663,171
"spatialSVP_matched_pcs","competitive_score","HALLMARK_APICAL_SURFACE",0.418,0.535897435897436,127.042428016663,31
"spatialSVP_matched_pcs","competitive_score","HALLMARK_APOPTOSIS",0.002,0.00666666666666667,127.042428016663,145
"spatialSVP_matched_pcs","competitive_score","HALLMARK_BILE_ACID_METABOLISM",0.935,0.952,127.042428016663,79
"spatialSVP_matched_pcs","competitive_score","HALLMARK_CHOLESTEROL_HOMEOSTASIS",0.001,0.00357142857142857,127.042428016663,70
"spatialSVP_matched_pcs","competitive_score","HALLMARK_COAGULATION",0.003,0.009375,127.042428016663,100
"spatialSVP_matched_pcs","competitive_score","HALLMARK_COMPLEMENT",0.001,0.00357142857142857,127.042428016663,166
"spatialSVP_matched_pcs","competitive_score","HALLMARK_DNA_REPAIR",0.501,0.613414634146341,127.042428016663,146
"spatialSVP_matched_pcs","competitive_score","HALLMARK_E2F_TARGETS",0.001,0.00357142857142857,127.042428016663,195
"spatialSVP_matched_pcs","competitive_score","HALLMARK_EPITHELIAL_MESENCHYMAL_TRANSITION",0.001,0.00357142857142857,127.042428016663,191
"spatialSVP_matched_pcs","competitive_score","HALLMARK_ESTROGEN_RESPONSE_EARLY",0.203,0.298529411764706,127.042428016663,179
"spatialSVP_matched_pcs","competitive_score","HALLMARK_ESTROGEN_RESPONSE_LATE",0.061,0.117307692307692,127.042428016663,172
"spatialSVP_matched_pcs","competitive_score","HALLMARK_FATTY_ACID_METABOLISM",0.004,0.0117647058823529,127.042428016663,136
"spatialSVP_matched_pcs","competitive_score","HALLMARK_G2M_CHECKPOINT",0.001,0.00357142857142857,127.042428016663,187
"spatialSVP_matched_pcs","competitive_score","HALLMARK_GLYCOLYSIS",0.001,0.00357142857142857,127.042428016663,180
"spatialSVP_matched_pcs","competitive_score","HALLMARK_HEDGEHOG_SIGNALING",0.952,0.952,127.042428016663,28
"spatialSVP_matched_pcs","competitive_score","HALLMARK_HEME_METABOLISM",0.711,0.79,127.042428016663,157
"spatialSVP_matched_pcs","competitive_score","HALLMARK_HYPOXIA",0.001,0.00357142857142857,127.042428016663,183
"spatialSVP_matched_pcs","competitive_score","HALLMARK_IL2_STAT5_SIGNALING",0.677,0.769318181818182,127.042428016663,172
"spatialSVP_matched_pcs","competitive_score","HALLMARK_IL6_JAK_STAT3_SIGNALING",0.037,0.0804347826086956,127.042428016663,70
"spatialSVP_matched_pcs","competitive_score","HALLMARK_INFLAMMATORY_RESPONSE",0.107,0.191071428571429,127.042428016663,148
"spatialSVP_matched_pcs","competitive_score","HALLMARK_INTERFERON_ALPHA_RESPONSE",0.001,0.00357142857142857,127.042428016663,92
"spatialSVP_matched_pcs","competitive_score","HALLMARK_INTERFERON_GAMMA_RESPONSE",0.001,0.00357142857142857,127.042428016663,177
"spatialSVP_matched_pcs","competitive_score","HALLMARK_KRAS_SIGNALING_DN",0.015,0.0394736842105263,127.042428016663,89
"spatialSVP_matched_pcs","competitive_score","HALLMARK_KRAS_SIGNALING_UP",0.037,0.0804347826086956,127.042428016663,164
"spatialSVP_matched_pcs","competitive_score","HALLMARK_MITOTIC_SPINDLE",0.156,0.25,127.042428016663,195
"spatialSVP_matched_pcs","competitive_score","HALLMARK_MTORC1_SIGNALING",0.001,0.00357142857142857,127.042428016663,195
"spatialSVP_matched_pcs","competitive_score","HALLMARK_MYC_TARGETS_V1",0.001,0.00357142857142857,127.042428016663,194
"spatialSVP_matched_pcs","competitive_score","HALLMARK_MYC_TARGETS_V2",0.001,0.00357142857142857,127.042428016663,57
"spatialSVP_matched_pcs","competitive_score","HALLMARK_MYOGENESIS",0.001,0.00357142857142857,127.042428016663,171
"spatialSVP_matched_pcs","competitive_score","HALLMARK_NOTCH_SIGNALING",0.867,0.922340425531915,127.042428016663,32
"spatialSVP_matched_pcs","competitive_score","HALLMARK_OXIDATIVE_PHOSPHORYLATION",0.09,0.166666666666667,127.042428016663,200
"spatialSVP_matched_pcs","competitive_score","HALLMARK_P53_PATHWAY",0.16,0.25,127.042428016663,188
"spatialSVP_matched_pcs","competitive_score","HALLMARK_PANCREAS_BETA_CELLS",0.036,0.0804347826086956,127.042428016663,21
"spatialSVP_matched_pcs","competitive_score","HALLMARK_PEROXISOME",0.851,0.922340425531915,127.042428016663,87
"spatialSVP_matched_pcs","competitive_score","HALLMARK_PI3K_AKT_MTOR_SIGNALING",0.313,0.411842105263158,127.042428016663,94
"spatialSVP_matched_pcs","competitive_score","HALLMARK_PROTEIN_SECRETION",0.904,0.941666666666667,127.042428016663,95
"spatialSVP_matched_pcs","competitive_score","HALLMARK_REACTIVE_OXYGEN_SPECIES_PATHWAY",0.211,0.301428571428571,127.042428016663,47
"spatialSVP_matched_pcs","competitive_score","HALLMARK_SPERMATOGENESIS",0.057,0.114,127.042428016663,63
"spatialSVP_matched_pcs","competitive_score","HALLMARK_TGF_BETA_SIGNALING",0.249,0.345833333333333,127.042428016663,52
"spatialSVP_matched_pcs","competitive_score","HALLMARK_TNFA_SIGNALING_VIA_NFKB",0.001,0.00357142857142857,127.042428016663,185
"spatialSVP_matched_pcs","competitive_score","HALLMARK_UNFOLDED_PROTEIN_RESPONSE",0.005,0.0138888888888889,127.042428016663,107
"spatialSVP_matched_pcs","competitive_score","HALLMARK_UV_RESPONSE_DN",0.123,0.212068965517241,127.042428016663,140
"spatialSVP_matched_pcs","competitive_score","HALLMARK_UV_RESPONSE_UP",0.531,0.617441860465116,127.042428016663,137
"spatialSVP_matched_pcs","competitive_score","HALLMARK_WNT_BETA_CATENIN_SIGNALING",0.503,0.613414634146341,127.042428016663,38
"spatialSVP_matched_pcs","competitive_score","HALLMARK_XENOBIOTIC_METABOLISM",0.039,0.08125,127.042428016663,156
"spatialSVP_permutation_pcs","absolute_score","HALLMARK_ADIPOGENESIS",0.007,0.0120689655172414,2.53473591804504,191
"spatialSVP_permutation_pcs","absolute_score","HALLMARK_ALLOGRAFT_REJECTION",0.026,0.0371428571428571,2.53473591804504,138
"spatialSVP_permutation_pcs","absolute_score","HALLMARK_ANDROGEN_RESPONSE",0.001,0.00238095238095238,2.53473591804504,94
"spatialSVP_permutation_pcs","absolute_score","HALLMARK_ANGIOGENESIS",0.253,0.301190476190476,2.53473591804504,30
"spatialSVP_permutation_pcs","absolute_score","HALLMARK_APICAL_JUNCTION",0.004,0.00769230769230769,2.53473591804504,171
"spatialSVP_permutation_pcs","absolute_score","HALLMARK_APICAL_SURFACE",0.268,0.304545454545455,2.53473591804504,31
"spatialSVP_permutation_pcs","absolute_score","HALLMARK_APOPTOSIS",0.001,0.00238095238095238,2.53473591804504,145
"spatialSVP_permutation_pcs","absolute_score","HALLMARK_BILE_ACID_METABOLISM",0.859,0.876530612244898,2.53473591804504,79
"spatialSVP_permutation_pcs","absolute_score","HALLMARK_CHOLESTEROL_HOMEOSTASIS",0.001,0.00238095238095238,2.53473591804504,70
"spatialSVP_permutation_pcs","absolute_score","HALLMARK_COAGULATION",0.001,0.00238095238095238,2.53473591804504,100
"spatialSVP_permutation_pcs","absolute_score","HALLMARK_COMPLEMENT",0.001,0.00238095238095238,2.53473591804504,166
"spatialSVP_permutation_pcs","absolute_score","HALLMARK_DNA_REPAIR",0.086,0.11025641025641,2.53473591804504,146
"spatialSVP_permutation_pcs","absolute_score","HALLMARK_E2F_TARGETS",0.001,0.00238095238095238,2.53473591804504,195
"spatialSVP_permutation_pcs","absolute_score","HALLMARK_EPITHELIAL_MESENCHYMAL_TRANSITION",0.001,0.00238095238095238,2.53473591804504,191
"spatialSVP_permutation_pcs","absolute_score","HALLMARK_ESTROGEN_RESPONSE_EARLY",0.008,0.0133333333333333,2.53473591804504,179
"spatialSVP_permutation_pcs","absolute_score","HALLMARK_ESTROGEN_RESPONSE_LATE",0.001,0.00238095238095238,2.53473591804504,172
"spatialSVP_permutation_pcs","absolute_score","HALLMARK_FATTY_ACID_METABOLISM",0.001,0.00238095238095238,2.53473591804504,136
"spatialSVP_permutation_pcs","absolute_score","HALLMARK_G2M_CHECKPOINT",0.001,0.00238095238095238,2.53473591804504,187
"spatialSVP_permutation_pcs","absolute_score","HALLMARK_GLYCOLYSIS",0.001,0.00238095238095238,2.53473591804504,180
"spatialSVP_permutation_pcs","absolute_score","HALLMARK_HEDGEHOG_SIGNALING",0.911,0.911,2.53473591804504,28
"spatialSVP_permutation_pcs","absolute_score","HALLMARK_HEME_METABOLISM",0.261,0.303488372093023,2.53473591804504,157
"spatialSVP_permutation_pcs","absolute_score","HALLMARK_HYPOXIA",0.001,0.00238095238095238,2.53473591804504,183
"spatialSVP_permutation_pcs","absolute_score","HALLMARK_IL2_STAT5_SIGNALING",0.191,0.232926829268293,2.53473591804504,172
"spatialSVP_permutation_pcs","absolute_score","HALLMARK_IL6_JAK_STAT3_SIGNALING",0.011,0.0171875,2.53473591804504,70
"spatialSVP_permutation_pcs","absolute_score","HALLMARK_INFLAMMATORY_RESPONSE",0.005,0.00925925925925926,2.53473591804504,148
"spatialSVP_permutation_pcs","absolute_score","HALLMARK_INTERFERON_ALPHA_RESPONSE",0.001,0.00238095238095238,2.53473591804504,92
"spatialSVP_permutation_pcs","absolute_score","HALLMARK_INTERFERON_GAMMA_RESPONSE",0.001,0.00238095238095238,2.53473591804504,177
"spatialSVP_permutation_pcs","absolute_score","HALLMARK_KRAS_SIGNALING_DN",0.003,0.00625,2.53473591804504,89
"spatialSVP_permutation_pcs","absolute_score","HALLMARK_KRAS_SIGNALING_UP",0.002,0.00434782608695652,2.53473591804504,164
"spatialSVP_permutation_pcs","absolute_score","HALLMARK_MITOTIC_SPINDLE",0.011,0.0171875,2.53473591804504,195
"spatialSVP_permutation_pcs","absolute_score","HALLMARK_MTORC1_SIGNALING",0.001,0.00238095238095238,2.53473591804504,195
"spatialSVP_permutation_pcs","absolute_score","HALLMARK_MYC_TARGETS_V1",0.001,0.00238095238095238,2.53473591804504,194
"spatialSVP_permutation_pcs","absolute_score","HALLMARK_MYC_TARGETS_V2",0.001,0.00238095238095238,2.53473591804504,57
"spatialSVP_permutation_pcs","absolute_score","HALLMARK_MYOGENESIS",0.001,0.00238095238095238,2.53473591804504,171
"spatialSVP_permutation_pcs","absolute_score","HALLMARK_NOTCH_SIGNALING",0.768,0.8,2.53473591804504,32
"spatialSVP_permutation_pcs","absolute_score","HALLMARK_OXIDATIVE_PHOSPHORYLATION",0.001,0.00238095238095238,2.53473591804504,200
"spatialSVP_permutation_pcs","absolute_score","HALLMARK_P53_PATHWAY",0.004,0.00769230769230769,2.53473591804504,188
"spatialSVP_permutation_pcs","absolute_score","HALLMARK_PANCREAS_BETA_CELLS",0.019,0.0287878787878788,2.53473591804504,21
"spatialSVP_permutation_pcs","absolute_score","HALLMARK_PEROXISOME",0.616,0.65531914893617,2.53473591804504,87
"spatialSVP_permutation_pcs","absolute_score","HALLMARK_PI3K_AKT_MTOR_SIGNALING",0.067,0.0881578947368421,2.53473591804504,94
"spatialSVP_permutation_pcs","absolute_score","HALLMARK_PROTEIN_SECRETION",0.61,0.65531914893617,2.53473591804504,95
"spatialSVP_permutation_pcs","absolute_score","HALLMARK_REACTIVE_OXYGEN_SPECIES_PATHWAY",0.027,0.0375,2.53473591804504,47
"spatialSVP_permutation_pcs","absolute_score","HALLMARK_SPERMATOGENESIS",0.024,0.0352941176470588,2.53473591804504,63
"spatialSVP_permutation_pcs","absolute_score","HALLMARK_TGF_BETA_SIGNALING",0.051,0.0689189189189189,2.53473591804504,52
"spatialSVP_permutation_pcs","absolute_score","HALLMARK_TNFA_SIGNALING_VIA_NFKB",0.001,0.00238095238095238,2.53473591804504,185
"spatialSVP_permutation_pcs","absolute_score","HALLMARK_UNFOLDED_PROTEIN_RESPONSE",0.001,0.00238095238095238,2.53473591804504,107
"spatialSVP_permutation_pcs","absolute_score","HALLMARK_UV_RESPONSE_DN",0.006,0.0107142857142857,2.53473591804504,140
"spatialSVP_permutation_pcs","absolute_score","HALLMARK_UV_RESPONSE_UP",0.098,0.1225,2.53473591804504,137
"spatialSVP_permutation_pcs","absolute_score","HALLMARK_WNT_BETA_CATENIN_SIGNALING",0.396,0.44,2.53473591804504,38
"spatialSVP_permutation_pcs","absolute_score","HALLMARK_XENOBIOTIC_METABOLISM",0.002,0.00434782608695652,2.53473591804504,156
